M,K,time,A,B
2048,2048,114.808,./dataset/2048_2048_80.tns,./dataset/2048_2048_80.tns
2048,2048,121.45,./dataset/2048_2048_80.tns,./dataset/2048_2048_80.tns
2048,2048,135.764,./dataset/2048_2048_80.tns,./dataset/2048_2048_80.tns
2048,2048,111.459,./dataset/2048_2048_80.tns,./dataset/2048_2048_80.tns
2048,2048,113.332,./dataset/2048_2048_80.tns,./dataset/2048_2048_80.tns
2048,2048,112.561,./dataset/2048_2048_80.tns,./dataset/2048_2048_80.tns
2048,2048,157.139,./dataset/2048_2048_80.tns,./dataset/2048_2048_80.tns
2048,2048,111.808,./dataset/2048_2048_80.tns,./dataset/2048_2048_80.tns
2048,2048,115.975,./dataset/2048_2048_80.tns,./dataset/2048_2048_80.tns
2048,2048,113.76,./dataset/2048_2048_80.tns,./dataset/2048_2048_80.tns
1024,1024,16.4137,./dataset/1024_1024_90.tns,./dataset/1024_1024_90.tns
1024,1024,16.7501,./dataset/1024_1024_90.tns,./dataset/1024_1024_90.tns
1024,1024,16.9762,./dataset/1024_1024_90.tns,./dataset/1024_1024_90.tns
1024,1024,25.9933,./dataset/1024_1024_90.tns,./dataset/1024_1024_90.tns
1024,1024,16.6824,./dataset/1024_1024_90.tns,./dataset/1024_1024_90.tns
1024,1024,16.7678,./dataset/1024_1024_90.tns,./dataset/1024_1024_90.tns
1024,1024,16.7963,./dataset/1024_1024_90.tns,./dataset/1024_1024_90.tns
1024,1024,16.5885,./dataset/1024_1024_90.tns,./dataset/1024_1024_90.tns
1024,1024,16.8419,./dataset/1024_1024_90.tns,./dataset/1024_1024_90.tns
1024,1024,26.0937,./dataset/1024_1024_90.tns,./dataset/1024_1024_90.tns
4096,4096,164.638,./dataset/4096_4096_20.tns,./dataset/4096_4096_20.tns
4096,4096,184.873,./dataset/4096_4096_20.tns,./dataset/4096_4096_20.tns
4096,4096,136.033,./dataset/4096_4096_20.tns,./dataset/4096_4096_20.tns
4096,4096,136.453,./dataset/4096_4096_20.tns,./dataset/4096_4096_20.tns
4096,4096,134.075,./dataset/4096_4096_20.tns,./dataset/4096_4096_20.tns
4096,4096,139.541,./dataset/4096_4096_20.tns,./dataset/4096_4096_20.tns
4096,4096,137.956,./dataset/4096_4096_20.tns,./dataset/4096_4096_20.tns
4096,4096,189.586,./dataset/4096_4096_20.tns,./dataset/4096_4096_20.tns
4096,4096,136.203,./dataset/4096_4096_20.tns,./dataset/4096_4096_20.tns
4096,4096,135.344,./dataset/4096_4096_20.tns,./dataset/4096_4096_20.tns
1024,1024,3.29646,./dataset/1024_1024_20.tns,./dataset/1024_1024_20.tns
1024,1024,2.75869,./dataset/1024_1024_20.tns,./dataset/1024_1024_20.tns
1024,1024,2.79441,./dataset/1024_1024_20.tns,./dataset/1024_1024_20.tns
1024,1024,2.78766,./dataset/1024_1024_20.tns,./dataset/1024_1024_20.tns
1024,1024,2.70725,./dataset/1024_1024_20.tns,./dataset/1024_1024_20.tns
1024,1024,2.74025,./dataset/1024_1024_20.tns,./dataset/1024_1024_20.tns
1024,1024,2.75044,./dataset/1024_1024_20.tns,./dataset/1024_1024_20.tns
1024,1024,2.76508,./dataset/1024_1024_20.tns,./dataset/1024_1024_20.tns
1024,1024,2.76213,./dataset/1024_1024_20.tns,./dataset/1024_1024_20.tns
1024,1024,2.78168,./dataset/1024_1024_20.tns,./dataset/1024_1024_20.tns
1024,1024,8.0771,./dataset/1024_1024_50.tns,./dataset/1024_1024_50.tns
1024,1024,8.23043,./dataset/1024_1024_50.tns,./dataset/1024_1024_50.tns
1024,1024,12.0987,./dataset/1024_1024_50.tns,./dataset/1024_1024_50.tns
1024,1024,8.14038,./dataset/1024_1024_50.tns,./dataset/1024_1024_50.tns
1024,1024,8.19664,./dataset/1024_1024_50.tns,./dataset/1024_1024_50.tns
1024,1024,8.32434,./dataset/1024_1024_50.tns,./dataset/1024_1024_50.tns
1024,1024,11.9285,./dataset/1024_1024_50.tns,./dataset/1024_1024_50.tns
1024,1024,8.20347,./dataset/1024_1024_50.tns,./dataset/1024_1024_50.tns
1024,1024,8.28567,./dataset/1024_1024_50.tns,./dataset/1024_1024_50.tns
1024,1024,8.10602,./dataset/1024_1024_50.tns,./dataset/1024_1024_50.tns
1024,1024,4.43501,./dataset/1024_1024_30.tns,./dataset/1024_1024_30.tns
1024,1024,5.82681,./dataset/1024_1024_30.tns,./dataset/1024_1024_30.tns
1024,1024,5.802,./dataset/1024_1024_30.tns,./dataset/1024_1024_30.tns
1024,1024,4.45114,./dataset/1024_1024_30.tns,./dataset/1024_1024_30.tns
1024,1024,4.44496,./dataset/1024_1024_30.tns,./dataset/1024_1024_30.tns
1024,1024,4.46905,./dataset/1024_1024_30.tns,./dataset/1024_1024_30.tns
1024,1024,4.53392,./dataset/1024_1024_30.tns,./dataset/1024_1024_30.tns
1024,1024,6.2418,./dataset/1024_1024_30.tns,./dataset/1024_1024_30.tns
1024,1024,5.78859,./dataset/1024_1024_30.tns,./dataset/1024_1024_30.tns
1024,1024,6.19105,./dataset/1024_1024_30.tns,./dataset/1024_1024_30.tns
512,512,0.585786,./dataset/512_512_20.tns,./dataset/512_512_20.tns
512,512,0.633751,./dataset/512_512_20.tns,./dataset/512_512_20.tns
512,512,0.584003,./dataset/512_512_20.tns,./dataset/512_512_20.tns
512,512,0.661273,./dataset/512_512_20.tns,./dataset/512_512_20.tns
512,512,0.564474,./dataset/512_512_20.tns,./dataset/512_512_20.tns
512,512,0.626579,./dataset/512_512_20.tns,./dataset/512_512_20.tns
512,512,0.63382,./dataset/512_512_20.tns,./dataset/512_512_20.tns
512,512,0.638858,./dataset/512_512_20.tns,./dataset/512_512_20.tns
512,512,0.645138,./dataset/512_512_20.tns,./dataset/512_512_20.tns
512,512,0.593779,./dataset/512_512_20.tns,./dataset/512_512_20.tns
2048,2048,91.2385,./dataset/2048_2048_50.tns,./dataset/2048_2048_50.tns
2048,2048,56.7324,./dataset/2048_2048_50.tns,./dataset/2048_2048_50.tns
2048,2048,90.728,./dataset/2048_2048_50.tns,./dataset/2048_2048_50.tns
2048,2048,57.2427,./dataset/2048_2048_50.tns,./dataset/2048_2048_50.tns
2048,2048,57.8661,./dataset/2048_2048_50.tns,./dataset/2048_2048_50.tns
2048,2048,97.9351,./dataset/2048_2048_50.tns,./dataset/2048_2048_50.tns
2048,2048,92.9739,./dataset/2048_2048_50.tns,./dataset/2048_2048_50.tns
2048,2048,56.736,./dataset/2048_2048_50.tns,./dataset/2048_2048_50.tns
2048,2048,58.1436,./dataset/2048_2048_50.tns,./dataset/2048_2048_50.tns
2048,2048,66.1715,./dataset/2048_2048_50.tns,./dataset/2048_2048_50.tns
4096,4096,792.056,./dataset/4096_4096_50.tns,./dataset/4096_4096_50.tns
4096,4096,797.462,./dataset/4096_4096_50.tns,./dataset/4096_4096_50.tns
4096,4096,796.73,./dataset/4096_4096_50.tns,./dataset/4096_4096_50.tns
4096,4096,796.581,./dataset/4096_4096_50.tns,./dataset/4096_4096_50.tns
4096,4096,796.359,./dataset/4096_4096_50.tns,./dataset/4096_4096_50.tns
4096,4096,796.925,./dataset/4096_4096_50.tns,./dataset/4096_4096_50.tns
4096,4096,794.62,./dataset/4096_4096_50.tns,./dataset/4096_4096_50.tns
4096,4096,796.976,./dataset/4096_4096_50.tns,./dataset/4096_4096_50.tns
4096,4096,801.201,./dataset/4096_4096_50.tns,./dataset/4096_4096_50.tns
4096,4096,797.339,./dataset/4096_4096_50.tns,./dataset/4096_4096_50.tns
512,512,2.4225,./dataset/512_512_60.tns,./dataset/512_512_60.tns
512,512,2.17458,./dataset/512_512_60.tns,./dataset/512_512_60.tns
512,512,1.73109,./dataset/512_512_60.tns,./dataset/512_512_60.tns
512,512,1.73053,./dataset/512_512_60.tns,./dataset/512_512_60.tns
512,512,1.7534,./dataset/512_512_60.tns,./dataset/512_512_60.tns
512,512,3.05334,./dataset/512_512_60.tns,./dataset/512_512_60.tns
512,512,2.2372,./dataset/512_512_60.tns,./dataset/512_512_60.tns
512,512,1.74246,./dataset/512_512_60.tns,./dataset/512_512_60.tns
512,512,1.74848,./dataset/512_512_60.tns,./dataset/512_512_60.tns
512,512,1.72425,./dataset/512_512_60.tns,./dataset/512_512_60.tns
1024,1024,10.3034,./dataset/1024_1024_60.tns,./dataset/1024_1024_60.tns
1024,1024,10.2537,./dataset/1024_1024_60.tns,./dataset/1024_1024_60.tns
1024,1024,16.1999,./dataset/1024_1024_60.tns,./dataset/1024_1024_60.tns
1024,1024,10.3694,./dataset/1024_1024_60.tns,./dataset/1024_1024_60.tns
1024,1024,10.3657,./dataset/1024_1024_60.tns,./dataset/1024_1024_60.tns
1024,1024,10.2751,./dataset/1024_1024_60.tns,./dataset/1024_1024_60.tns
1024,1024,10.2423,./dataset/1024_1024_60.tns,./dataset/1024_1024_60.tns
1024,1024,15.2591,./dataset/1024_1024_60.tns,./dataset/1024_1024_60.tns
1024,1024,15.7309,./dataset/1024_1024_60.tns,./dataset/1024_1024_60.tns
1024,1024,10.2231,./dataset/1024_1024_60.tns,./dataset/1024_1024_60.tns
4096,4096,1222.76,./dataset/4096_4096_80.tns,./dataset/4096_4096_80.tns
4096,4096,1225.81,./dataset/4096_4096_80.tns,./dataset/4096_4096_80.tns
4096,4096,1223.15,./dataset/4096_4096_80.tns,./dataset/4096_4096_80.tns
4096,4096,1227.24,./dataset/4096_4096_80.tns,./dataset/4096_4096_80.tns
4096,4096,1218.78,./dataset/4096_4096_80.tns,./dataset/4096_4096_80.tns
4096,4096,1222.75,./dataset/4096_4096_80.tns,./dataset/4096_4096_80.tns
4096,4096,1224.46,./dataset/4096_4096_80.tns,./dataset/4096_4096_80.tns
4096,4096,1222.2,./dataset/4096_4096_80.tns,./dataset/4096_4096_80.tns
4096,4096,1224.66,./dataset/4096_4096_80.tns,./dataset/4096_4096_80.tns
4096,4096,1224.38,./dataset/4096_4096_80.tns,./dataset/4096_4096_80.tns
512,512,6.13381,./dataset/512_512_80.tns,./dataset/512_512_80.tns
512,512,3.19831,./dataset/512_512_80.tns,./dataset/512_512_80.tns
512,512,4.37188,./dataset/512_512_80.tns,./dataset/512_512_80.tns
512,512,3.15037,./dataset/512_512_80.tns,./dataset/512_512_80.tns
512,512,2.38928,./dataset/512_512_80.tns,./dataset/512_512_80.tns
512,512,2.43288,./dataset/512_512_80.tns,./dataset/512_512_80.tns
512,512,2.44305,./dataset/512_512_80.tns,./dataset/512_512_80.tns
512,512,2.48759,./dataset/512_512_80.tns,./dataset/512_512_80.tns
512,512,2.48006,./dataset/512_512_80.tns,./dataset/512_512_80.tns
512,512,2.44359,./dataset/512_512_80.tns,./dataset/512_512_80.tns
512,512,0.522098,./dataset/512_512_10.tns,./dataset/512_512_10.tns
512,512,0.528678,./dataset/512_512_10.tns,./dataset/512_512_10.tns
512,512,0.49853,./dataset/512_512_10.tns,./dataset/512_512_10.tns
512,512,0.453161,./dataset/512_512_10.tns,./dataset/512_512_10.tns
512,512,0.472261,./dataset/512_512_10.tns,./dataset/512_512_10.tns
512,512,0.492972,./dataset/512_512_10.tns,./dataset/512_512_10.tns
512,512,0.488396,./dataset/512_512_10.tns,./dataset/512_512_10.tns
512,512,1.23275,./dataset/512_512_10.tns,./dataset/512_512_10.tns
512,512,0.555549,./dataset/512_512_10.tns,./dataset/512_512_10.tns
512,512,0.51054,./dataset/512_512_10.tns,./dataset/512_512_10.tns
4096,4096,955.737,./dataset/4096_4096_60.tns,./dataset/4096_4096_60.tns
4096,4096,947.258,./dataset/4096_4096_60.tns,./dataset/4096_4096_60.tns
4096,4096,948.37,./dataset/4096_4096_60.tns,./dataset/4096_4096_60.tns
4096,4096,946.901,./dataset/4096_4096_60.tns,./dataset/4096_4096_60.tns
4096,4096,945.42,./dataset/4096_4096_60.tns,./dataset/4096_4096_60.tns
4096,4096,948.484,./dataset/4096_4096_60.tns,./dataset/4096_4096_60.tns
4096,4096,945.978,./dataset/4096_4096_60.tns,./dataset/4096_4096_60.tns
4096,4096,948.562,./dataset/4096_4096_60.tns,./dataset/4096_4096_60.tns
4096,4096,946.67,./dataset/4096_4096_60.tns,./dataset/4096_4096_60.tns
4096,4096,944.443,./dataset/4096_4096_60.tns,./dataset/4096_4096_60.tns
2048,2048,118.016,./dataset/2048_2048_70.tns,./dataset/2048_2048_70.tns
2048,2048,117.641,./dataset/2048_2048_70.tns,./dataset/2048_2048_70.tns
2048,2048,157.189,./dataset/2048_2048_70.tns,./dataset/2048_2048_70.tns
2048,2048,98.4726,./dataset/2048_2048_70.tns,./dataset/2048_2048_70.tns
2048,2048,147.614,./dataset/2048_2048_70.tns,./dataset/2048_2048_70.tns
2048,2048,124.195,./dataset/2048_2048_70.tns,./dataset/2048_2048_70.tns
2048,2048,95.9854,./dataset/2048_2048_70.tns,./dataset/2048_2048_70.tns
2048,2048,98.0576,./dataset/2048_2048_70.tns,./dataset/2048_2048_70.tns
2048,2048,96.3493,./dataset/2048_2048_70.tns,./dataset/2048_2048_70.tns
2048,2048,150.211,./dataset/2048_2048_70.tns,./dataset/2048_2048_70.tns
4096,4096,637.496,./dataset/4096_4096_40.tns,./dataset/4096_4096_40.tns
4096,4096,615.915,./dataset/4096_4096_40.tns,./dataset/4096_4096_40.tns
4096,4096,619.658,./dataset/4096_4096_40.tns,./dataset/4096_4096_40.tns
4096,4096,709.232,./dataset/4096_4096_40.tns,./dataset/4096_4096_40.tns
4096,4096,706.819,./dataset/4096_4096_40.tns,./dataset/4096_4096_40.tns
4096,4096,614.473,./dataset/4096_4096_40.tns,./dataset/4096_4096_40.tns
4096,4096,617.654,./dataset/4096_4096_40.tns,./dataset/4096_4096_40.tns
4096,4096,616.081,./dataset/4096_4096_40.tns,./dataset/4096_4096_40.tns
4096,4096,620.016,./dataset/4096_4096_40.tns,./dataset/4096_4096_40.tns
4096,4096,616.889,./dataset/4096_4096_40.tns,./dataset/4096_4096_40.tns
512,512,3.47006,./dataset/512_512_70.tns,./dataset/512_512_70.tns
512,512,3.08945,./dataset/512_512_70.tns,./dataset/512_512_70.tns
512,512,2.04059,./dataset/512_512_70.tns,./dataset/512_512_70.tns
512,512,2.61779,./dataset/512_512_70.tns,./dataset/512_512_70.tns
512,512,2.7905,./dataset/512_512_70.tns,./dataset/512_512_70.tns
512,512,2.14364,./dataset/512_512_70.tns,./dataset/512_512_70.tns
512,512,2.05899,./dataset/512_512_70.tns,./dataset/512_512_70.tns
512,512,3.28782,./dataset/512_512_70.tns,./dataset/512_512_70.tns
512,512,2.13295,./dataset/512_512_70.tns,./dataset/512_512_70.tns
512,512,2.10832,./dataset/512_512_70.tns,./dataset/512_512_70.tns
4096,4096,383.959,./dataset/4096_4096_30.tns,./dataset/4096_4096_30.tns
4096,4096,381.237,./dataset/4096_4096_30.tns,./dataset/4096_4096_30.tns
4096,4096,382.424,./dataset/4096_4096_30.tns,./dataset/4096_4096_30.tns
4096,4096,385.791,./dataset/4096_4096_30.tns,./dataset/4096_4096_30.tns
4096,4096,379.728,./dataset/4096_4096_30.tns,./dataset/4096_4096_30.tns
4096,4096,382.343,./dataset/4096_4096_30.tns,./dataset/4096_4096_30.tns
4096,4096,386.048,./dataset/4096_4096_30.tns,./dataset/4096_4096_30.tns
4096,4096,388.461,./dataset/4096_4096_30.tns,./dataset/4096_4096_30.tns
4096,4096,381.684,./dataset/4096_4096_30.tns,./dataset/4096_4096_30.tns
4096,4096,383.019,./dataset/4096_4096_30.tns,./dataset/4096_4096_30.tns
1024,1024,15.0136,./dataset/1024_1024_80.tns,./dataset/1024_1024_80.tns
1024,1024,22.7956,./dataset/1024_1024_80.tns,./dataset/1024_1024_80.tns
1024,1024,14.9811,./dataset/1024_1024_80.tns,./dataset/1024_1024_80.tns
1024,1024,15.2456,./dataset/1024_1024_80.tns,./dataset/1024_1024_80.tns
1024,1024,22.3291,./dataset/1024_1024_80.tns,./dataset/1024_1024_80.tns
1024,1024,22.8206,./dataset/1024_1024_80.tns,./dataset/1024_1024_80.tns
1024,1024,15.2224,./dataset/1024_1024_80.tns,./dataset/1024_1024_80.tns
1024,1024,15.0644,./dataset/1024_1024_80.tns,./dataset/1024_1024_80.tns
1024,1024,15.202,./dataset/1024_1024_80.tns,./dataset/1024_1024_80.tns
1024,1024,15.0314,./dataset/1024_1024_80.tns,./dataset/1024_1024_80.tns
4096,4096,58.0401,./dataset/4096_4096_10.tns,./dataset/4096_4096_10.tns
4096,4096,45.6334,./dataset/4096_4096_10.tns,./dataset/4096_4096_10.tns
4096,4096,45.521,./dataset/4096_4096_10.tns,./dataset/4096_4096_10.tns
4096,4096,63.1731,./dataset/4096_4096_10.tns,./dataset/4096_4096_10.tns
4096,4096,45.9673,./dataset/4096_4096_10.tns,./dataset/4096_4096_10.tns
4096,4096,64.2771,./dataset/4096_4096_10.tns,./dataset/4096_4096_10.tns
4096,4096,45.9178,./dataset/4096_4096_10.tns,./dataset/4096_4096_10.tns
4096,4096,62.4478,./dataset/4096_4096_10.tns,./dataset/4096_4096_10.tns
4096,4096,65.4773,./dataset/4096_4096_10.tns,./dataset/4096_4096_10.tns
4096,4096,46.3658,./dataset/4096_4096_10.tns,./dataset/4096_4096_10.tns
4096,4096,1346.62,./dataset/4096_4096_90.tns,./dataset/4096_4096_90.tns
4096,4096,1345.69,./dataset/4096_4096_90.tns,./dataset/4096_4096_90.tns
4096,4096,1342.95,./dataset/4096_4096_90.tns,./dataset/4096_4096_90.tns
4096,4096,1351.86,./dataset/4096_4096_90.tns,./dataset/4096_4096_90.tns
4096,4096,1342.39,./dataset/4096_4096_90.tns,./dataset/4096_4096_90.tns
4096,4096,1339.39,./dataset/4096_4096_90.tns,./dataset/4096_4096_90.tns
4096,4096,1342.42,./dataset/4096_4096_90.tns,./dataset/4096_4096_90.tns
4096,4096,1340.94,./dataset/4096_4096_90.tns,./dataset/4096_4096_90.tns
4096,4096,1352.49,./dataset/4096_4096_90.tns,./dataset/4096_4096_90.tns
4096,4096,1345.97,./dataset/4096_4096_90.tns,./dataset/4096_4096_90.tns
512,512,2.7568,./dataset/512_512_50.tns,./dataset/512_512_50.tns
512,512,2.5033,./dataset/512_512_50.tns,./dataset/512_512_50.tns
512,512,3.17028,./dataset/512_512_50.tns,./dataset/512_512_50.tns
512,512,1.47509,./dataset/512_512_50.tns,./dataset/512_512_50.tns
512,512,1.46684,./dataset/512_512_50.tns,./dataset/512_512_50.tns
512,512,3.04671,./dataset/512_512_50.tns,./dataset/512_512_50.tns
512,512,2.71216,./dataset/512_512_50.tns,./dataset/512_512_50.tns
512,512,1.45529,./dataset/512_512_50.tns,./dataset/512_512_50.tns
512,512,1.46786,./dataset/512_512_50.tns,./dataset/512_512_50.tns
512,512,1.45451,./dataset/512_512_50.tns,./dataset/512_512_50.tns
1024,1024,1.56872,./dataset/1024_1024_10.tns,./dataset/1024_1024_10.tns
1024,1024,1.46993,./dataset/1024_1024_10.tns,./dataset/1024_1024_10.tns
1024,1024,1.44225,./dataset/1024_1024_10.tns,./dataset/1024_1024_10.tns
1024,1024,1.44401,./dataset/1024_1024_10.tns,./dataset/1024_1024_10.tns
1024,1024,1.50272,./dataset/1024_1024_10.tns,./dataset/1024_1024_10.tns
1024,1024,1.43932,./dataset/1024_1024_10.tns,./dataset/1024_1024_10.tns
1024,1024,1.46137,./dataset/1024_1024_10.tns,./dataset/1024_1024_10.tns
1024,1024,1.45171,./dataset/1024_1024_10.tns,./dataset/1024_1024_10.tns
1024,1024,1.57641,./dataset/1024_1024_10.tns,./dataset/1024_1024_10.tns
1024,1024,1.47317,./dataset/1024_1024_10.tns,./dataset/1024_1024_10.tns
4096,4096,1088.09,./dataset/4096_4096_70.tns,./dataset/4096_4096_70.tns
4096,4096,1096.92,./dataset/4096_4096_70.tns,./dataset/4096_4096_70.tns
4096,4096,1092.65,./dataset/4096_4096_70.tns,./dataset/4096_4096_70.tns
4096,4096,1091.21,./dataset/4096_4096_70.tns,./dataset/4096_4096_70.tns
4096,4096,1088.42,./dataset/4096_4096_70.tns,./dataset/4096_4096_70.tns
4096,4096,1102.85,./dataset/4096_4096_70.tns,./dataset/4096_4096_70.tns
4096,4096,1131.77,./dataset/4096_4096_70.tns,./dataset/4096_4096_70.tns
4096,4096,1087.29,./dataset/4096_4096_70.tns,./dataset/4096_4096_70.tns
4096,4096,1082.9,./dataset/4096_4096_70.tns,./dataset/4096_4096_70.tns
4096,4096,1088.5,./dataset/4096_4096_70.tns,./dataset/4096_4096_70.tns
1024,1024,19.1811,./dataset/1024_1024_70.tns,./dataset/1024_1024_70.tns
1024,1024,19.014,./dataset/1024_1024_70.tns,./dataset/1024_1024_70.tns
1024,1024,13.303,./dataset/1024_1024_70.tns,./dataset/1024_1024_70.tns
1024,1024,13.3977,./dataset/1024_1024_70.tns,./dataset/1024_1024_70.tns
1024,1024,20.3964,./dataset/1024_1024_70.tns,./dataset/1024_1024_70.tns
1024,1024,13.7168,./dataset/1024_1024_70.tns,./dataset/1024_1024_70.tns
1024,1024,13.3036,./dataset/1024_1024_70.tns,./dataset/1024_1024_70.tns
1024,1024,13.8271,./dataset/1024_1024_70.tns,./dataset/1024_1024_70.tns
1024,1024,13.2118,./dataset/1024_1024_70.tns,./dataset/1024_1024_70.tns
1024,1024,13.2874,./dataset/1024_1024_70.tns,./dataset/1024_1024_70.tns
1024,1024,6.24394,./dataset/1024_1024_40.tns,./dataset/1024_1024_40.tns
1024,1024,9.51921,./dataset/1024_1024_40.tns,./dataset/1024_1024_40.tns
1024,1024,8.70756,./dataset/1024_1024_40.tns,./dataset/1024_1024_40.tns
1024,1024,8.99364,./dataset/1024_1024_40.tns,./dataset/1024_1024_40.tns
1024,1024,8.92665,./dataset/1024_1024_40.tns,./dataset/1024_1024_40.tns
1024,1024,8.77692,./dataset/1024_1024_40.tns,./dataset/1024_1024_40.tns
1024,1024,6.32771,./dataset/1024_1024_40.tns,./dataset/1024_1024_40.tns
1024,1024,6.36974,./dataset/1024_1024_40.tns,./dataset/1024_1024_40.tns
1024,1024,6.25908,./dataset/1024_1024_40.tns,./dataset/1024_1024_40.tns
1024,1024,8.73641,./dataset/1024_1024_40.tns,./dataset/1024_1024_40.tns
512,512,3.90766,./dataset/512_512_90.tns,./dataset/512_512_90.tns
512,512,3.35722,./dataset/512_512_90.tns,./dataset/512_512_90.tns
512,512,2.6313,./dataset/512_512_90.tns,./dataset/512_512_90.tns
512,512,2.75696,./dataset/512_512_90.tns,./dataset/512_512_90.tns
512,512,2.63966,./dataset/512_512_90.tns,./dataset/512_512_90.tns
512,512,2.69552,./dataset/512_512_90.tns,./dataset/512_512_90.tns
512,512,3.43306,./dataset/512_512_90.tns,./dataset/512_512_90.tns
512,512,3.90438,./dataset/512_512_90.tns,./dataset/512_512_90.tns
512,512,3.57944,./dataset/512_512_90.tns,./dataset/512_512_90.tns
512,512,3.77566,./dataset/512_512_90.tns,./dataset/512_512_90.tns
2048,2048,73.7162,./dataset/2048_2048_60.tns,./dataset/2048_2048_60.tns
2048,2048,74.608,./dataset/2048_2048_60.tns,./dataset/2048_2048_60.tns
2048,2048,120.837,./dataset/2048_2048_60.tns,./dataset/2048_2048_60.tns
2048,2048,120.259,./dataset/2048_2048_60.tns,./dataset/2048_2048_60.tns
2048,2048,75.0651,./dataset/2048_2048_60.tns,./dataset/2048_2048_60.tns
2048,2048,73.7516,./dataset/2048_2048_60.tns,./dataset/2048_2048_60.tns
2048,2048,74.1352,./dataset/2048_2048_60.tns,./dataset/2048_2048_60.tns
2048,2048,119.424,./dataset/2048_2048_60.tns,./dataset/2048_2048_60.tns
2048,2048,74.1769,./dataset/2048_2048_60.tns,./dataset/2048_2048_60.tns
2048,2048,74.5945,./dataset/2048_2048_60.tns,./dataset/2048_2048_60.tns
2048,2048,8.60079,./dataset/2048_2048_10.tns,./dataset/2048_2048_10.tns
2048,2048,8.76922,./dataset/2048_2048_10.tns,./dataset/2048_2048_10.tns
2048,2048,6.5198,./dataset/2048_2048_10.tns,./dataset/2048_2048_10.tns
2048,2048,8.19155,./dataset/2048_2048_10.tns,./dataset/2048_2048_10.tns
2048,2048,8.54987,./dataset/2048_2048_10.tns,./dataset/2048_2048_10.tns
2048,2048,8.56391,./dataset/2048_2048_10.tns,./dataset/2048_2048_10.tns
2048,2048,6.48863,./dataset/2048_2048_10.tns,./dataset/2048_2048_10.tns
2048,2048,6.51777,./dataset/2048_2048_10.tns,./dataset/2048_2048_10.tns
2048,2048,6.53975,./dataset/2048_2048_10.tns,./dataset/2048_2048_10.tns
2048,2048,8.11401,./dataset/2048_2048_10.tns,./dataset/2048_2048_10.tns
2048,2048,15.4483,./dataset/2048_2048_20.tns,./dataset/2048_2048_20.tns
2048,2048,15.5678,./dataset/2048_2048_20.tns,./dataset/2048_2048_20.tns
2048,2048,22.5687,./dataset/2048_2048_20.tns,./dataset/2048_2048_20.tns
2048,2048,15.6905,./dataset/2048_2048_20.tns,./dataset/2048_2048_20.tns
2048,2048,15.5659,./dataset/2048_2048_20.tns,./dataset/2048_2048_20.tns
2048,2048,23.4546,./dataset/2048_2048_20.tns,./dataset/2048_2048_20.tns
2048,2048,23.2224,./dataset/2048_2048_20.tns,./dataset/2048_2048_20.tns
2048,2048,23.4023,./dataset/2048_2048_20.tns,./dataset/2048_2048_20.tns
2048,2048,15.8637,./dataset/2048_2048_20.tns,./dataset/2048_2048_20.tns
2048,2048,15.5797,./dataset/2048_2048_20.tns,./dataset/2048_2048_20.tns
2048,2048,137.791,./dataset/2048_2048_90.tns,./dataset/2048_2048_90.tns
2048,2048,124.048,./dataset/2048_2048_90.tns,./dataset/2048_2048_90.tns
2048,2048,124.71,./dataset/2048_2048_90.tns,./dataset/2048_2048_90.tns
2048,2048,123.306,./dataset/2048_2048_90.tns,./dataset/2048_2048_90.tns
2048,2048,130.143,./dataset/2048_2048_90.tns,./dataset/2048_2048_90.tns
2048,2048,187.372,./dataset/2048_2048_90.tns,./dataset/2048_2048_90.tns
2048,2048,123.942,./dataset/2048_2048_90.tns,./dataset/2048_2048_90.tns
2048,2048,161.476,./dataset/2048_2048_90.tns,./dataset/2048_2048_90.tns
2048,2048,199.148,./dataset/2048_2048_90.tns,./dataset/2048_2048_90.tns
2048,2048,202.364,./dataset/2048_2048_90.tns,./dataset/2048_2048_90.tns
2048,2048,57.7808,./dataset/2048_2048_40.tns,./dataset/2048_2048_40.tns
2048,2048,42.3905,./dataset/2048_2048_40.tns,./dataset/2048_2048_40.tns
2048,2048,67.0984,./dataset/2048_2048_40.tns,./dataset/2048_2048_40.tns
2048,2048,42.2205,./dataset/2048_2048_40.tns,./dataset/2048_2048_40.tns
2048,2048,42.3484,./dataset/2048_2048_40.tns,./dataset/2048_2048_40.tns
2048,2048,42.4882,./dataset/2048_2048_40.tns,./dataset/2048_2048_40.tns
2048,2048,69.9926,./dataset/2048_2048_40.tns,./dataset/2048_2048_40.tns
2048,2048,66.3662,./dataset/2048_2048_40.tns,./dataset/2048_2048_40.tns
2048,2048,42.1536,./dataset/2048_2048_40.tns,./dataset/2048_2048_40.tns
2048,2048,42.1663,./dataset/2048_2048_40.tns,./dataset/2048_2048_40.tns
512,512,2.05853,./dataset/512_512_40.tns,./dataset/512_512_40.tns
512,512,1.145,./dataset/512_512_40.tns,./dataset/512_512_40.tns
512,512,1.16505,./dataset/512_512_40.tns,./dataset/512_512_40.tns
512,512,1.15367,./dataset/512_512_40.tns,./dataset/512_512_40.tns
512,512,1.1438,./dataset/512_512_40.tns,./dataset/512_512_40.tns
512,512,1.16618,./dataset/512_512_40.tns,./dataset/512_512_40.tns
512,512,1.14441,./dataset/512_512_40.tns,./dataset/512_512_40.tns
512,512,1.14978,./dataset/512_512_40.tns,./dataset/512_512_40.tns
512,512,1.13735,./dataset/512_512_40.tns,./dataset/512_512_40.tns
512,512,2.17023,./dataset/512_512_40.tns,./dataset/512_512_40.tns
2048,2048,43.1881,./dataset/2048_2048_30.tns,./dataset/2048_2048_30.tns
2048,2048,27.914,./dataset/2048_2048_30.tns,./dataset/2048_2048_30.tns
2048,2048,45.3533,./dataset/2048_2048_30.tns,./dataset/2048_2048_30.tns
2048,2048,27.724,./dataset/2048_2048_30.tns,./dataset/2048_2048_30.tns
2048,2048,42.6018,./dataset/2048_2048_30.tns,./dataset/2048_2048_30.tns
2048,2048,28.1015,./dataset/2048_2048_30.tns,./dataset/2048_2048_30.tns
2048,2048,43.6094,./dataset/2048_2048_30.tns,./dataset/2048_2048_30.tns
2048,2048,27.5824,./dataset/2048_2048_30.tns,./dataset/2048_2048_30.tns
2048,2048,27.904,./dataset/2048_2048_30.tns,./dataset/2048_2048_30.tns
2048,2048,43.3637,./dataset/2048_2048_30.tns,./dataset/2048_2048_30.tns
512,512,1.01104,./dataset/512_512_30.tns,./dataset/512_512_30.tns
512,512,0.876235,./dataset/512_512_30.tns,./dataset/512_512_30.tns
512,512,0.997422,./dataset/512_512_30.tns,./dataset/512_512_30.tns
512,512,0.839699,./dataset/512_512_30.tns,./dataset/512_512_30.tns
512,512,1.60884,./dataset/512_512_30.tns,./dataset/512_512_30.tns
512,512,0.831826,./dataset/512_512_30.tns,./dataset/512_512_30.tns
512,512,0.927094,./dataset/512_512_30.tns,./dataset/512_512_30.tns
512,512,0.877797,./dataset/512_512_30.tns,./dataset/512_512_30.tns
512,512,0.95698,./dataset/512_512_30.tns,./dataset/512_512_30.tns
512,512,0.888885,./dataset/512_512_30.tns,./dataset/512_512_30.tns
