M,K,time,A,B
2048,2048,158.880207,./dataset/2048_2048_80.tns,./dataset/2048_2048_80.tns
2048,2048,159.231031,./dataset/2048_2048_80.tns,./dataset/2048_2048_80.tns
2048,2048,157.434400,./dataset/2048_2048_80.tns,./dataset/2048_2048_80.tns
2048,2048,156.934663,./dataset/2048_2048_80.tns,./dataset/2048_2048_80.tns
2048,2048,155.998448,./dataset/2048_2048_80.tns,./dataset/2048_2048_80.tns
2048,2048,159.736241,./dataset/2048_2048_80.tns,./dataset/2048_2048_80.tns
2048,2048,160.330422,./dataset/2048_2048_80.tns,./dataset/2048_2048_80.tns
2048,2048,159.121955,./dataset/2048_2048_80.tns,./dataset/2048_2048_80.tns
2048,2048,159.663705,./dataset/2048_2048_80.tns,./dataset/2048_2048_80.tns
2048,2048,157.979528,./dataset/2048_2048_80.tns,./dataset/2048_2048_80.tns
1024,1024,24.692901,./dataset/1024_1024_90.tns,./dataset/1024_1024_90.tns
1024,1024,35.572113,./dataset/1024_1024_90.tns,./dataset/1024_1024_90.tns
1024,1024,24.710368,./dataset/1024_1024_90.tns,./dataset/1024_1024_90.tns
1024,1024,33.900838,./dataset/1024_1024_90.tns,./dataset/1024_1024_90.tns
1024,1024,24.915267,./dataset/1024_1024_90.tns,./dataset/1024_1024_90.tns
1024,1024,24.574928,./dataset/1024_1024_90.tns,./dataset/1024_1024_90.tns
1024,1024,25.027170,./dataset/1024_1024_90.tns,./dataset/1024_1024_90.tns
1024,1024,33.751667,./dataset/1024_1024_90.tns,./dataset/1024_1024_90.tns
1024,1024,24.868283,./dataset/1024_1024_90.tns,./dataset/1024_1024_90.tns
1024,1024,25.018236,./dataset/1024_1024_90.tns,./dataset/1024_1024_90.tns
4096,4096,184.071869,./dataset/4096_4096_20.tns,./dataset/4096_4096_20.tns
4096,4096,180.716845,./dataset/4096_4096_20.tns,./dataset/4096_4096_20.tns
4096,4096,176.206379,./dataset/4096_4096_20.tns,./dataset/4096_4096_20.tns
4096,4096,185.315078,./dataset/4096_4096_20.tns,./dataset/4096_4096_20.tns
4096,4096,179.180441,./dataset/4096_4096_20.tns,./dataset/4096_4096_20.tns
4096,4096,178.197181,./dataset/4096_4096_20.tns,./dataset/4096_4096_20.tns
4096,4096,182.992984,./dataset/4096_4096_20.tns,./dataset/4096_4096_20.tns
4096,4096,179.848518,./dataset/4096_4096_20.tns,./dataset/4096_4096_20.tns
4096,4096,181.638625,./dataset/4096_4096_20.tns,./dataset/4096_4096_20.tns
4096,4096,179.788440,./dataset/4096_4096_20.tns,./dataset/4096_4096_20.tns
1024,1024,7.539495,./dataset/1024_1024_20.tns,./dataset/1024_1024_20.tns
1024,1024,7.499984,./dataset/1024_1024_20.tns,./dataset/1024_1024_20.tns
1024,1024,7.353747,./dataset/1024_1024_20.tns,./dataset/1024_1024_20.tns
1024,1024,7.414502,./dataset/1024_1024_20.tns,./dataset/1024_1024_20.tns
1024,1024,7.562271,./dataset/1024_1024_20.tns,./dataset/1024_1024_20.tns
1024,1024,7.164904,./dataset/1024_1024_20.tns,./dataset/1024_1024_20.tns
1024,1024,7.318102,./dataset/1024_1024_20.tns,./dataset/1024_1024_20.tns
1024,1024,7.516880,./dataset/1024_1024_20.tns,./dataset/1024_1024_20.tns
1024,1024,7.227912,./dataset/1024_1024_20.tns,./dataset/1024_1024_20.tns
1024,1024,7.519284,./dataset/1024_1024_20.tns,./dataset/1024_1024_20.tns
1024,1024,16.955484,./dataset/1024_1024_50.tns,./dataset/1024_1024_50.tns
1024,1024,14.047178,./dataset/1024_1024_50.tns,./dataset/1024_1024_50.tns
1024,1024,14.094011,./dataset/1024_1024_50.tns,./dataset/1024_1024_50.tns
1024,1024,14.240168,./dataset/1024_1024_50.tns,./dataset/1024_1024_50.tns
1024,1024,14.070715,./dataset/1024_1024_50.tns,./dataset/1024_1024_50.tns
1024,1024,13.948595,./dataset/1024_1024_50.tns,./dataset/1024_1024_50.tns
1024,1024,14.114874,./dataset/1024_1024_50.tns,./dataset/1024_1024_50.tns
1024,1024,14.092509,./dataset/1024_1024_50.tns,./dataset/1024_1024_50.tns
1024,1024,14.013596,./dataset/1024_1024_50.tns,./dataset/1024_1024_50.tns
1024,1024,14.107061,./dataset/1024_1024_50.tns,./dataset/1024_1024_50.tns
1024,1024,9.147932,./dataset/1024_1024_30.tns,./dataset/1024_1024_30.tns
1024,1024,9.035638,./dataset/1024_1024_30.tns,./dataset/1024_1024_30.tns
1024,1024,18.145431,./dataset/1024_1024_30.tns,./dataset/1024_1024_30.tns
1024,1024,9.129013,./dataset/1024_1024_30.tns,./dataset/1024_1024_30.tns
1024,1024,9.023318,./dataset/1024_1024_30.tns,./dataset/1024_1024_30.tns
1024,1024,8.797408,./dataset/1024_1024_30.tns,./dataset/1024_1024_30.tns
1024,1024,15.210634,./dataset/1024_1024_30.tns,./dataset/1024_1024_30.tns
1024,1024,8.916443,./dataset/1024_1024_30.tns,./dataset/1024_1024_30.tns
1024,1024,8.966230,./dataset/1024_1024_30.tns,./dataset/1024_1024_30.tns
1024,1024,8.803658,./dataset/1024_1024_30.tns,./dataset/1024_1024_30.tns
512,512,3.739126,./dataset/512_512_20.tns,./dataset/512_512_20.tns
512,512,3.878511,./dataset/512_512_20.tns,./dataset/512_512_20.tns
512,512,3.719013,./dataset/512_512_20.tns,./dataset/512_512_20.tns
512,512,3.745765,./dataset/512_512_20.tns,./dataset/512_512_20.tns
512,512,3.586779,./dataset/512_512_20.tns,./dataset/512_512_20.tns
512,512,4.002283,./dataset/512_512_20.tns,./dataset/512_512_20.tns
512,512,3.643737,./dataset/512_512_20.tns,./dataset/512_512_20.tns
512,512,3.721737,./dataset/512_512_20.tns,./dataset/512_512_20.tns
512,512,3.705753,./dataset/512_512_20.tns,./dataset/512_512_20.tns
512,512,3.856407,./dataset/512_512_20.tns,./dataset/512_512_20.tns
2048,2048,93.624422,./dataset/2048_2048_50.tns,./dataset/2048_2048_50.tns
2048,2048,96.888609,./dataset/2048_2048_50.tns,./dataset/2048_2048_50.tns
2048,2048,91.516508,./dataset/2048_2048_50.tns,./dataset/2048_2048_50.tns
2048,2048,95.450245,./dataset/2048_2048_50.tns,./dataset/2048_2048_50.tns
2048,2048,89.811571,./dataset/2048_2048_50.tns,./dataset/2048_2048_50.tns
2048,2048,91.362007,./dataset/2048_2048_50.tns,./dataset/2048_2048_50.tns
2048,2048,91.147123,./dataset/2048_2048_50.tns,./dataset/2048_2048_50.tns
2048,2048,90.935414,./dataset/2048_2048_50.tns,./dataset/2048_2048_50.tns
2048,2048,96.103597,./dataset/2048_2048_50.tns,./dataset/2048_2048_50.tns
2048,2048,90.893387,./dataset/2048_2048_50.tns,./dataset/2048_2048_50.tns
4096,4096,680.866574,./dataset/4096_4096_50.tns,./dataset/4096_4096_50.tns
4096,4096,679.891077,./dataset/4096_4096_50.tns,./dataset/4096_4096_50.tns
4096,4096,680.899218,./dataset/4096_4096_50.tns,./dataset/4096_4096_50.tns
4096,4096,676.961752,./dataset/4096_4096_50.tns,./dataset/4096_4096_50.tns
4096,4096,677.047362,./dataset/4096_4096_50.tns,./dataset/4096_4096_50.tns
4096,4096,676.703996,./dataset/4096_4096_50.tns,./dataset/4096_4096_50.tns
4096,4096,682.321393,./dataset/4096_4096_50.tns,./dataset/4096_4096_50.tns
4096,4096,678.918627,./dataset/4096_4096_50.tns,./dataset/4096_4096_50.tns
4096,4096,677.095515,./dataset/4096_4096_50.tns,./dataset/4096_4096_50.tns
4096,4096,684.132967,./dataset/4096_4096_50.tns,./dataset/4096_4096_50.tns
512,512,4.892604,./dataset/512_512_60.tns,./dataset/512_512_60.tns
512,512,4.850258,./dataset/512_512_60.tns,./dataset/512_512_60.tns
512,512,5.177017,./dataset/512_512_60.tns,./dataset/512_512_60.tns
512,512,4.989125,./dataset/512_512_60.tns,./dataset/512_512_60.tns
512,512,5.385429,./dataset/512_512_60.tns,./dataset/512_512_60.tns
512,512,4.754740,./dataset/512_512_60.tns,./dataset/512_512_60.tns
512,512,4.770605,./dataset/512_512_60.tns,./dataset/512_512_60.tns
512,512,4.971037,./dataset/512_512_60.tns,./dataset/512_512_60.tns
512,512,4.963634,./dataset/512_512_60.tns,./dataset/512_512_60.tns
512,512,4.848947,./dataset/512_512_60.tns,./dataset/512_512_60.tns
1024,1024,21.396373,./dataset/1024_1024_60.tns,./dataset/1024_1024_60.tns
1024,1024,21.361048,./dataset/1024_1024_60.tns,./dataset/1024_1024_60.tns
1024,1024,16.649654,./dataset/1024_1024_60.tns,./dataset/1024_1024_60.tns
1024,1024,16.419958,./dataset/1024_1024_60.tns,./dataset/1024_1024_60.tns
1024,1024,16.564973,./dataset/1024_1024_60.tns,./dataset/1024_1024_60.tns
1024,1024,16.994029,./dataset/1024_1024_60.tns,./dataset/1024_1024_60.tns
1024,1024,16.572194,./dataset/1024_1024_60.tns,./dataset/1024_1024_60.tns
1024,1024,16.802101,./dataset/1024_1024_60.tns,./dataset/1024_1024_60.tns
1024,1024,25.168928,./dataset/1024_1024_60.tns,./dataset/1024_1024_60.tns
1024,1024,16.878419,./dataset/1024_1024_60.tns,./dataset/1024_1024_60.tns
4096,4096,1131.669754,./dataset/4096_4096_80.tns,./dataset/4096_4096_80.tns
4096,4096,1147.343900,./dataset/4096_4096_80.tns,./dataset/4096_4096_80.tns
4096,4096,1142.681279,./dataset/4096_4096_80.tns,./dataset/4096_4096_80.tns
4096,4096,1145.433939,./dataset/4096_4096_80.tns,./dataset/4096_4096_80.tns
4096,4096,1139.412489,./dataset/4096_4096_80.tns,./dataset/4096_4096_80.tns
4096,4096,1131.905725,./dataset/4096_4096_80.tns,./dataset/4096_4096_80.tns
4096,4096,1140.490218,./dataset/4096_4096_80.tns,./dataset/4096_4096_80.tns
4096,4096,1144.094439,./dataset/4096_4096_80.tns,./dataset/4096_4096_80.tns
4096,4096,1145.714052,./dataset/4096_4096_80.tns,./dataset/4096_4096_80.tns
4096,4096,1137.702476,./dataset/4096_4096_80.tns,./dataset/4096_4096_80.tns
512,512,5.684222,./dataset/512_512_80.tns,./dataset/512_512_80.tns
512,512,15.825152,./dataset/512_512_80.tns,./dataset/512_512_80.tns
512,512,5.714299,./dataset/512_512_80.tns,./dataset/512_512_80.tns
512,512,5.793933,./dataset/512_512_80.tns,./dataset/512_512_80.tns
512,512,5.512706,./dataset/512_512_80.tns,./dataset/512_512_80.tns
512,512,5.667906,./dataset/512_512_80.tns,./dataset/512_512_80.tns
512,512,5.748452,./dataset/512_512_80.tns,./dataset/512_512_80.tns
512,512,5.778549,./dataset/512_512_80.tns,./dataset/512_512_80.tns
512,512,5.722822,./dataset/512_512_80.tns,./dataset/512_512_80.tns
512,512,5.837571,./dataset/512_512_80.tns,./dataset/512_512_80.tns
512,512,3.712933,./dataset/512_512_10.tns,./dataset/512_512_10.tns
512,512,3.542248,./dataset/512_512_10.tns,./dataset/512_512_10.tns
512,512,3.720184,./dataset/512_512_10.tns,./dataset/512_512_10.tns
512,512,3.583542,./dataset/512_512_10.tns,./dataset/512_512_10.tns
512,512,3.633379,./dataset/512_512_10.tns,./dataset/512_512_10.tns
512,512,3.674834,./dataset/512_512_10.tns,./dataset/512_512_10.tns
512,512,3.413879,./dataset/512_512_10.tns,./dataset/512_512_10.tns
512,512,3.557221,./dataset/512_512_10.tns,./dataset/512_512_10.tns
512,512,13.203402,./dataset/512_512_10.tns,./dataset/512_512_10.tns
512,512,3.599297,./dataset/512_512_10.tns,./dataset/512_512_10.tns
4096,4096,837.307960,./dataset/4096_4096_60.tns,./dataset/4096_4096_60.tns
4096,4096,836.957092,./dataset/4096_4096_60.tns,./dataset/4096_4096_60.tns
4096,4096,837.843144,./dataset/4096_4096_60.tns,./dataset/4096_4096_60.tns
4096,4096,834.837335,./dataset/4096_4096_60.tns,./dataset/4096_4096_60.tns
4096,4096,834.426895,./dataset/4096_4096_60.tns,./dataset/4096_4096_60.tns
4096,4096,834.069639,./dataset/4096_4096_60.tns,./dataset/4096_4096_60.tns
4096,4096,832.217480,./dataset/4096_4096_60.tns,./dataset/4096_4096_60.tns
4096,4096,835.482537,./dataset/4096_4096_60.tns,./dataset/4096_4096_60.tns
4096,4096,832.993722,./dataset/4096_4096_60.tns,./dataset/4096_4096_60.tns
4096,4096,841.658356,./dataset/4096_4096_60.tns,./dataset/4096_4096_60.tns
2048,2048,138.022756,./dataset/2048_2048_70.tns,./dataset/2048_2048_70.tns
2048,2048,138.199480,./dataset/2048_2048_70.tns,./dataset/2048_2048_70.tns
2048,2048,139.978570,./dataset/2048_2048_70.tns,./dataset/2048_2048_70.tns
2048,2048,138.369242,./dataset/2048_2048_70.tns,./dataset/2048_2048_70.tns
2048,2048,142.066910,./dataset/2048_2048_70.tns,./dataset/2048_2048_70.tns
2048,2048,139.218930,./dataset/2048_2048_70.tns,./dataset/2048_2048_70.tns
2048,2048,135.806463,./dataset/2048_2048_70.tns,./dataset/2048_2048_70.tns
2048,2048,137.093580,./dataset/2048_2048_70.tns,./dataset/2048_2048_70.tns
2048,2048,136.337246,./dataset/2048_2048_70.tns,./dataset/2048_2048_70.tns
2048,2048,137.043552,./dataset/2048_2048_70.tns,./dataset/2048_2048_70.tns
4096,4096,526.463311,./dataset/4096_4096_40.tns,./dataset/4096_4096_40.tns
4096,4096,527.621383,./dataset/4096_4096_40.tns,./dataset/4096_4096_40.tns
4096,4096,533.404711,./dataset/4096_4096_40.tns,./dataset/4096_4096_40.tns
4096,4096,524.615696,./dataset/4096_4096_40.tns,./dataset/4096_4096_40.tns
4096,4096,526.530822,./dataset/4096_4096_40.tns,./dataset/4096_4096_40.tns
4096,4096,524.272962,./dataset/4096_4096_40.tns,./dataset/4096_4096_40.tns
4096,4096,533.212738,./dataset/4096_4096_40.tns,./dataset/4096_4096_40.tns
4096,4096,525.496460,./dataset/4096_4096_40.tns,./dataset/4096_4096_40.tns
4096,4096,540.990596,./dataset/4096_4096_40.tns,./dataset/4096_4096_40.tns
4096,4096,525.098270,./dataset/4096_4096_40.tns,./dataset/4096_4096_40.tns
512,512,18.542814,./dataset/512_512_70.tns,./dataset/512_512_70.tns
512,512,14.424603,./dataset/512_512_70.tns,./dataset/512_512_70.tns
512,512,5.337362,./dataset/512_512_70.tns,./dataset/512_512_70.tns
512,512,5.432149,./dataset/512_512_70.tns,./dataset/512_512_70.tns
512,512,5.330702,./dataset/512_512_70.tns,./dataset/512_512_70.tns
512,512,5.285622,./dataset/512_512_70.tns,./dataset/512_512_70.tns
512,512,5.316480,./dataset/512_512_70.tns,./dataset/512_512_70.tns
512,512,5.258860,./dataset/512_512_70.tns,./dataset/512_512_70.tns
512,512,16.428142,./dataset/512_512_70.tns,./dataset/512_512_70.tns
512,512,5.332004,./dataset/512_512_70.tns,./dataset/512_512_70.tns
4096,4096,362.915779,./dataset/4096_4096_30.tns,./dataset/4096_4096_30.tns
4096,4096,375.037224,./dataset/4096_4096_30.tns,./dataset/4096_4096_30.tns
4096,4096,369.359901,./dataset/4096_4096_30.tns,./dataset/4096_4096_30.tns
4096,4096,365.594485,./dataset/4096_4096_30.tns,./dataset/4096_4096_30.tns
4096,4096,366.152087,./dataset/4096_4096_30.tns,./dataset/4096_4096_30.tns
4096,4096,368.912197,./dataset/4096_4096_30.tns,./dataset/4096_4096_30.tns
4096,4096,369.052471,./dataset/4096_4096_30.tns,./dataset/4096_4096_30.tns
4096,4096,364.959205,./dataset/4096_4096_30.tns,./dataset/4096_4096_30.tns
4096,4096,371.732413,./dataset/4096_4096_30.tns,./dataset/4096_4096_30.tns
4096,4096,369.999239,./dataset/4096_4096_30.tns,./dataset/4096_4096_30.tns
1024,1024,21.776320,./dataset/1024_1024_80.tns,./dataset/1024_1024_80.tns
1024,1024,22.236874,./dataset/1024_1024_80.tns,./dataset/1024_1024_80.tns
1024,1024,22.095595,./dataset/1024_1024_80.tns,./dataset/1024_1024_80.tns
1024,1024,37.541500,./dataset/1024_1024_80.tns,./dataset/1024_1024_80.tns
1024,1024,22.452589,./dataset/1024_1024_80.tns,./dataset/1024_1024_80.tns
1024,1024,29.747607,./dataset/1024_1024_80.tns,./dataset/1024_1024_80.tns
1024,1024,21.595239,./dataset/1024_1024_80.tns,./dataset/1024_1024_80.tns
1024,1024,22.305040,./dataset/1024_1024_80.tns,./dataset/1024_1024_80.tns
1024,1024,22.387247,./dataset/1024_1024_80.tns,./dataset/1024_1024_80.tns
1024,1024,41.622342,./dataset/1024_1024_80.tns,./dataset/1024_1024_80.tns
4096,4096,80.690443,./dataset/4096_4096_10.tns,./dataset/4096_4096_10.tns
4096,4096,75.758729,./dataset/4096_4096_10.tns,./dataset/4096_4096_10.tns
4096,4096,76.062600,./dataset/4096_4096_10.tns,./dataset/4096_4096_10.tns
4096,4096,75.678064,./dataset/4096_4096_10.tns,./dataset/4096_4096_10.tns
4096,4096,75.485814,./dataset/4096_4096_10.tns,./dataset/4096_4096_10.tns
4096,4096,75.654797,./dataset/4096_4096_10.tns,./dataset/4096_4096_10.tns
4096,4096,75.054385,./dataset/4096_4096_10.tns,./dataset/4096_4096_10.tns
4096,4096,75.477991,./dataset/4096_4096_10.tns,./dataset/4096_4096_10.tns
4096,4096,75.370514,./dataset/4096_4096_10.tns,./dataset/4096_4096_10.tns
4096,4096,82.215915,./dataset/4096_4096_10.tns,./dataset/4096_4096_10.tns
4096,4096,1278.045782,./dataset/4096_4096_90.tns,./dataset/4096_4096_90.tns
4096,4096,1276.270905,./dataset/4096_4096_90.tns,./dataset/4096_4096_90.tns
4096,4096,1288.495607,./dataset/4096_4096_90.tns,./dataset/4096_4096_90.tns
4096,4096,1288.157789,./dataset/4096_4096_90.tns,./dataset/4096_4096_90.tns
4096,4096,1305.025816,./dataset/4096_4096_90.tns,./dataset/4096_4096_90.tns
4096,4096,1288.710448,./dataset/4096_4096_90.tns,./dataset/4096_4096_90.tns
4096,4096,1289.839376,./dataset/4096_4096_90.tns,./dataset/4096_4096_90.tns
4096,4096,1283.438050,./dataset/4096_4096_90.tns,./dataset/4096_4096_90.tns
4096,4096,1275.009570,./dataset/4096_4096_90.tns,./dataset/4096_4096_90.tns
4096,4096,1347.804637,./dataset/4096_4096_90.tns,./dataset/4096_4096_90.tns
512,512,4.551722,./dataset/512_512_50.tns,./dataset/512_512_50.tns
512,512,4.156829,./dataset/512_512_50.tns,./dataset/512_512_50.tns
512,512,4.477076,./dataset/512_512_50.tns,./dataset/512_512_50.tns
512,512,4.363259,./dataset/512_512_50.tns,./dataset/512_512_50.tns
512,512,4.483816,./dataset/512_512_50.tns,./dataset/512_512_50.tns
512,512,8.682662,./dataset/512_512_50.tns,./dataset/512_512_50.tns
512,512,4.664357,./dataset/512_512_50.tns,./dataset/512_512_50.tns
512,512,4.446438,./dataset/512_512_50.tns,./dataset/512_512_50.tns
512,512,4.729729,./dataset/512_512_50.tns,./dataset/512_512_50.tns
512,512,4.479529,./dataset/512_512_50.tns,./dataset/512_512_50.tns
1024,1024,6.266011,./dataset/1024_1024_10.tns,./dataset/1024_1024_10.tns
1024,1024,6.199208,./dataset/1024_1024_10.tns,./dataset/1024_1024_10.tns
1024,1024,6.219629,./dataset/1024_1024_10.tns,./dataset/1024_1024_10.tns
1024,1024,6.181991,./dataset/1024_1024_10.tns,./dataset/1024_1024_10.tns
1024,1024,6.219389,./dataset/1024_1024_10.tns,./dataset/1024_1024_10.tns
1024,1024,5.830526,./dataset/1024_1024_10.tns,./dataset/1024_1024_10.tns
1024,1024,6.289758,./dataset/1024_1024_10.tns,./dataset/1024_1024_10.tns
1024,1024,17.315585,./dataset/1024_1024_10.tns,./dataset/1024_1024_10.tns
1024,1024,6.408903,./dataset/1024_1024_10.tns,./dataset/1024_1024_10.tns
1024,1024,14.123803,./dataset/1024_1024_10.tns,./dataset/1024_1024_10.tns
4096,4096,987.556097,./dataset/4096_4096_70.tns,./dataset/4096_4096_70.tns
4096,4096,996.150192,./dataset/4096_4096_70.tns,./dataset/4096_4096_70.tns
4096,4096,980.727295,./dataset/4096_4096_70.tns,./dataset/4096_4096_70.tns
4096,4096,992.021269,./dataset/4096_4096_70.tns,./dataset/4096_4096_70.tns
4096,4096,992.482787,./dataset/4096_4096_70.tns,./dataset/4096_4096_70.tns
4096,4096,992.175160,./dataset/4096_4096_70.tns,./dataset/4096_4096_70.tns
4096,4096,985.864962,./dataset/4096_4096_70.tns,./dataset/4096_4096_70.tns
4096,4096,996.336570,./dataset/4096_4096_70.tns,./dataset/4096_4096_70.tns
4096,4096,994.514736,./dataset/4096_4096_70.tns,./dataset/4096_4096_70.tns
4096,4096,993.888306,./dataset/4096_4096_70.tns,./dataset/4096_4096_70.tns
1024,1024,19.542517,./dataset/1024_1024_70.tns,./dataset/1024_1024_70.tns
1024,1024,19.379485,./dataset/1024_1024_70.tns,./dataset/1024_1024_70.tns
1024,1024,19.676806,./dataset/1024_1024_70.tns,./dataset/1024_1024_70.tns
1024,1024,19.494524,./dataset/1024_1024_70.tns,./dataset/1024_1024_70.tns
1024,1024,22.175393,./dataset/1024_1024_70.tns,./dataset/1024_1024_70.tns
1024,1024,19.403612,./dataset/1024_1024_70.tns,./dataset/1024_1024_70.tns
1024,1024,19.549078,./dataset/1024_1024_70.tns,./dataset/1024_1024_70.tns
1024,1024,19.769560,./dataset/1024_1024_70.tns,./dataset/1024_1024_70.tns
1024,1024,30.179249,./dataset/1024_1024_70.tns,./dataset/1024_1024_70.tns
1024,1024,19.342578,./dataset/1024_1024_70.tns,./dataset/1024_1024_70.tns
1024,1024,11.319752,./dataset/1024_1024_40.tns,./dataset/1024_1024_40.tns
1024,1024,11.590191,./dataset/1024_1024_40.tns,./dataset/1024_1024_40.tns
1024,1024,11.515666,./dataset/1024_1024_40.tns,./dataset/1024_1024_40.tns
1024,1024,11.450103,./dataset/1024_1024_40.tns,./dataset/1024_1024_40.tns
1024,1024,11.553173,./dataset/1024_1024_40.tns,./dataset/1024_1024_40.tns
1024,1024,11.397431,./dataset/1024_1024_40.tns,./dataset/1024_1024_40.tns
1024,1024,11.565432,./dataset/1024_1024_40.tns,./dataset/1024_1024_40.tns
1024,1024,11.579664,./dataset/1024_1024_40.tns,./dataset/1024_1024_40.tns
1024,1024,11.666018,./dataset/1024_1024_40.tns,./dataset/1024_1024_40.tns
1024,1024,11.397832,./dataset/1024_1024_40.tns,./dataset/1024_1024_40.tns
512,512,15.907909,./dataset/512_512_90.tns,./dataset/512_512_90.tns
512,512,6.115297,./dataset/512_512_90.tns,./dataset/512_512_90.tns
512,512,6.063737,./dataset/512_512_90.tns,./dataset/512_512_90.tns
512,512,5.975901,./dataset/512_512_90.tns,./dataset/512_512_90.tns
512,512,5.958284,./dataset/512_512_90.tns,./dataset/512_512_90.tns
512,512,5.427851,./dataset/512_512_90.tns,./dataset/512_512_90.tns
512,512,6.154358,./dataset/512_512_90.tns,./dataset/512_512_90.tns
512,512,15.322240,./dataset/512_512_90.tns,./dataset/512_512_90.tns
512,512,6.073493,./dataset/512_512_90.tns,./dataset/512_512_90.tns
512,512,14.847264,./dataset/512_512_90.tns,./dataset/512_512_90.tns
2048,2048,110.200191,./dataset/2048_2048_60.tns,./dataset/2048_2048_60.tns
2048,2048,115.976753,./dataset/2048_2048_60.tns,./dataset/2048_2048_60.tns
2048,2048,113.390971,./dataset/2048_2048_60.tns,./dataset/2048_2048_60.tns
2048,2048,111.517164,./dataset/2048_2048_60.tns,./dataset/2048_2048_60.tns
2048,2048,114.178543,./dataset/2048_2048_60.tns,./dataset/2048_2048_60.tns
2048,2048,124.698212,./dataset/2048_2048_60.tns,./dataset/2048_2048_60.tns
2048,2048,128.054539,./dataset/2048_2048_60.tns,./dataset/2048_2048_60.tns
2048,2048,118.556314,./dataset/2048_2048_60.tns,./dataset/2048_2048_60.tns
2048,2048,114.182458,./dataset/2048_2048_60.tns,./dataset/2048_2048_60.tns
2048,2048,112.893007,./dataset/2048_2048_60.tns,./dataset/2048_2048_60.tns
2048,2048,17.851675,./dataset/2048_2048_10.tns,./dataset/2048_2048_10.tns
2048,2048,17.921603,./dataset/2048_2048_10.tns,./dataset/2048_2048_10.tns
2048,2048,17.813325,./dataset/2048_2048_10.tns,./dataset/2048_2048_10.tns
2048,2048,17.714090,./dataset/2048_2048_10.tns,./dataset/2048_2048_10.tns
2048,2048,17.584179,./dataset/2048_2048_10.tns,./dataset/2048_2048_10.tns
2048,2048,17.736926,./dataset/2048_2048_10.tns,./dataset/2048_2048_10.tns
2048,2048,17.674149,./dataset/2048_2048_10.tns,./dataset/2048_2048_10.tns
2048,2048,22.656378,./dataset/2048_2048_10.tns,./dataset/2048_2048_10.tns
2048,2048,17.748364,./dataset/2048_2048_10.tns,./dataset/2048_2048_10.tns
2048,2048,17.638624,./dataset/2048_2048_10.tns,./dataset/2048_2048_10.tns
2048,2048,35.696538,./dataset/2048_2048_20.tns,./dataset/2048_2048_20.tns
2048,2048,27.265838,./dataset/2048_2048_20.tns,./dataset/2048_2048_20.tns
2048,2048,35.757242,./dataset/2048_2048_20.tns,./dataset/2048_2048_20.tns
2048,2048,34.521465,./dataset/2048_2048_20.tns,./dataset/2048_2048_20.tns
2048,2048,26.984743,./dataset/2048_2048_20.tns,./dataset/2048_2048_20.tns
2048,2048,27.349688,./dataset/2048_2048_20.tns,./dataset/2048_2048_20.tns
2048,2048,26.891578,./dataset/2048_2048_20.tns,./dataset/2048_2048_20.tns
2048,2048,27.372484,./dataset/2048_2048_20.tns,./dataset/2048_2048_20.tns
2048,2048,32.073707,./dataset/2048_2048_20.tns,./dataset/2048_2048_20.tns
2048,2048,27.312722,./dataset/2048_2048_20.tns,./dataset/2048_2048_20.tns
2048,2048,181.151647,./dataset/2048_2048_90.tns,./dataset/2048_2048_90.tns
2048,2048,180.874957,./dataset/2048_2048_90.tns,./dataset/2048_2048_90.tns
2048,2048,183.189898,./dataset/2048_2048_90.tns,./dataset/2048_2048_90.tns
2048,2048,184.366333,./dataset/2048_2048_90.tns,./dataset/2048_2048_90.tns
2048,2048,179.245900,./dataset/2048_2048_90.tns,./dataset/2048_2048_90.tns
2048,2048,184.875793,./dataset/2048_2048_90.tns,./dataset/2048_2048_90.tns
2048,2048,184.411021,./dataset/2048_2048_90.tns,./dataset/2048_2048_90.tns
2048,2048,179.317339,./dataset/2048_2048_90.tns,./dataset/2048_2048_90.tns
2048,2048,178.650264,./dataset/2048_2048_90.tns,./dataset/2048_2048_90.tns
2048,2048,180.541387,./dataset/2048_2048_90.tns,./dataset/2048_2048_90.tns
2048,2048,67.588140,./dataset/2048_2048_40.tns,./dataset/2048_2048_40.tns
2048,2048,66.548568,./dataset/2048_2048_40.tns,./dataset/2048_2048_40.tns
2048,2048,67.915107,./dataset/2048_2048_40.tns,./dataset/2048_2048_40.tns
2048,2048,72.346162,./dataset/2048_2048_40.tns,./dataset/2048_2048_40.tns
2048,2048,65.927885,./dataset/2048_2048_40.tns,./dataset/2048_2048_40.tns
2048,2048,67.868095,./dataset/2048_2048_40.tns,./dataset/2048_2048_40.tns
2048,2048,67.129518,./dataset/2048_2048_40.tns,./dataset/2048_2048_40.tns
2048,2048,67.343942,./dataset/2048_2048_40.tns,./dataset/2048_2048_40.tns
2048,2048,67.118471,./dataset/2048_2048_40.tns,./dataset/2048_2048_40.tns
2048,2048,67.174678,./dataset/2048_2048_40.tns,./dataset/2048_2048_40.tns
512,512,4.248741,./dataset/512_512_40.tns,./dataset/512_512_40.tns
512,512,4.028560,./dataset/512_512_40.tns,./dataset/512_512_40.tns
512,512,17.064783,./dataset/512_512_40.tns,./dataset/512_512_40.tns
512,512,4.356398,./dataset/512_512_40.tns,./dataset/512_512_40.tns
512,512,4.291968,./dataset/512_512_40.tns,./dataset/512_512_40.tns
512,512,4.199986,./dataset/512_512_40.tns,./dataset/512_512_40.tns
512,512,4.064355,./dataset/512_512_40.tns,./dataset/512_512_40.tns
512,512,14.725574,./dataset/512_512_40.tns,./dataset/512_512_40.tns
512,512,4.478157,./dataset/512_512_40.tns,./dataset/512_512_40.tns
512,512,4.684087,./dataset/512_512_40.tns,./dataset/512_512_40.tns
2048,2048,49.348825,./dataset/2048_2048_30.tns,./dataset/2048_2048_30.tns
2048,2048,44.857768,./dataset/2048_2048_30.tns,./dataset/2048_2048_30.tns
2048,2048,44.337401,./dataset/2048_2048_30.tns,./dataset/2048_2048_30.tns
2048,2048,43.902916,./dataset/2048_2048_30.tns,./dataset/2048_2048_30.tns
2048,2048,43.998785,./dataset/2048_2048_30.tns,./dataset/2048_2048_30.tns
2048,2048,44.766967,./dataset/2048_2048_30.tns,./dataset/2048_2048_30.tns
2048,2048,44.317189,./dataset/2048_2048_30.tns,./dataset/2048_2048_30.tns
2048,2048,43.533584,./dataset/2048_2048_30.tns,./dataset/2048_2048_30.tns
2048,2048,44.381379,./dataset/2048_2048_30.tns,./dataset/2048_2048_30.tns
2048,2048,44.177833,./dataset/2048_2048_30.tns,./dataset/2048_2048_30.tns
512,512,3.940222,./dataset/512_512_30.tns,./dataset/512_512_30.tns
512,512,3.969207,./dataset/512_512_30.tns,./dataset/512_512_30.tns
512,512,3.801988,./dataset/512_512_30.tns,./dataset/512_512_30.tns
512,512,3.839636,./dataset/512_512_30.tns,./dataset/512_512_30.tns
512,512,13.897399,./dataset/512_512_30.tns,./dataset/512_512_30.tns
512,512,3.348555,./dataset/512_512_30.tns,./dataset/512_512_30.tns
512,512,3.960574,./dataset/512_512_30.tns,./dataset/512_512_30.tns
512,512,3.987035,./dataset/512_512_30.tns,./dataset/512_512_30.tns
512,512,3.945130,./dataset/512_512_30.tns,./dataset/512_512_30.tns
512,512,3.873750,./dataset/512_512_30.tns,./dataset/512_512_30.tns
