M,K,time,A,B,dense
2048,2048,2792.3905849456787,./dataset/2048_2048_80.tns,./dataset/2048_2048_80.tns,0
2048,2048,2780.4079055786133,./dataset/2048_2048_80.tns,./dataset/2048_2048_80.tns,0
2048,2048,2828.7322521209717,./dataset/2048_2048_80.tns,./dataset/2048_2048_80.tns,0
2048,2048,2812.9982948303223,./dataset/2048_2048_80.tns,./dataset/2048_2048_80.tns,0
2048,2048,2788.4230613708496,./dataset/2048_2048_80.tns,./dataset/2048_2048_80.tns,0
2048,2048,2833.244562149048,./dataset/2048_2048_80.tns,./dataset/2048_2048_80.tns,0
2048,2048,2773.6172676086426,./dataset/2048_2048_80.tns,./dataset/2048_2048_80.tns,0
2048,2048,2798.708438873291,./dataset/2048_2048_80.tns,./dataset/2048_2048_80.tns,0
2048,2048,2804.7873973846436,./dataset/2048_2048_80.tns,./dataset/2048_2048_80.tns,0
2048,2048,2823.7435817718506,./dataset/2048_2048_80.tns,./dataset/2048_2048_80.tns,0
1024,1024,383.04996490478516,./dataset/1024_1024_90.tns,./dataset/1024_1024_90.tns,0
1024,1024,382.1532726287842,./dataset/1024_1024_90.tns,./dataset/1024_1024_90.tns,0
1024,1024,381.9622993469238,./dataset/1024_1024_90.tns,./dataset/1024_1024_90.tns,0
1024,1024,383.8679790496826,./dataset/1024_1024_90.tns,./dataset/1024_1024_90.tns,0
1024,1024,381.15525245666504,./dataset/1024_1024_90.tns,./dataset/1024_1024_90.tns,0
1024,1024,382.21192359924316,./dataset/1024_1024_90.tns,./dataset/1024_1024_90.tns,0
1024,1024,382.26819038391113,./dataset/1024_1024_90.tns,./dataset/1024_1024_90.tns,0
1024,1024,382.2777271270752,./dataset/1024_1024_90.tns,./dataset/1024_1024_90.tns,0
1024,1024,381.7760944366455,./dataset/1024_1024_90.tns,./dataset/1024_1024_90.tns,0
1024,1024,383.4357261657715,./dataset/1024_1024_90.tns,./dataset/1024_1024_90.tns,0
4096,4096,3777.4386405944824,./dataset/4096_4096_20.tns,./dataset/4096_4096_20.tns,0
4096,4096,3770.8871364593506,./dataset/4096_4096_20.tns,./dataset/4096_4096_20.tns,0
4096,4096,3728.1672954559326,./dataset/4096_4096_20.tns,./dataset/4096_4096_20.tns,0
4096,4096,3755.563259124756,./dataset/4096_4096_20.tns,./dataset/4096_4096_20.tns,0
4096,4096,3737.6887798309326,./dataset/4096_4096_20.tns,./dataset/4096_4096_20.tns,0
4096,4096,3733.7236404418945,./dataset/4096_4096_20.tns,./dataset/4096_4096_20.tns,0
4096,4096,3771.0702419281006,./dataset/4096_4096_20.tns,./dataset/4096_4096_20.tns,0
4096,4096,3703.110456466675,./dataset/4096_4096_20.tns,./dataset/4096_4096_20.tns,0
4096,4096,3736.211061477661,./dataset/4096_4096_20.tns,./dataset/4096_4096_20.tns,0
4096,4096,3749.282121658325,./dataset/4096_4096_20.tns,./dataset/4096_4096_20.tns,0
1024,1024,80.95622062683105,./dataset/1024_1024_20.tns,./dataset/1024_1024_20.tns,0
1024,1024,78.70841026306152,./dataset/1024_1024_20.tns,./dataset/1024_1024_20.tns,0
1024,1024,80.44958114624023,./dataset/1024_1024_20.tns,./dataset/1024_1024_20.tns,0
1024,1024,86.04931831359863,./dataset/1024_1024_20.tns,./dataset/1024_1024_20.tns,0
1024,1024,78.85146141052246,./dataset/1024_1024_20.tns,./dataset/1024_1024_20.tns,0
1024,1024,80.34038543701172,./dataset/1024_1024_20.tns,./dataset/1024_1024_20.tns,0
1024,1024,80.15298843383789,./dataset/1024_1024_20.tns,./dataset/1024_1024_20.tns,0
1024,1024,79.13613319396973,./dataset/1024_1024_20.tns,./dataset/1024_1024_20.tns,0
1024,1024,78.70650291442871,./dataset/1024_1024_20.tns,./dataset/1024_1024_20.tns,0
1024,1024,81.0556411743164,./dataset/1024_1024_20.tns,./dataset/1024_1024_20.tns,0
1024,1024,195.91236114501953,./dataset/1024_1024_50.tns,./dataset/1024_1024_50.tns,0
1024,1024,202.07834243774414,./dataset/1024_1024_50.tns,./dataset/1024_1024_50.tns,0
1024,1024,195.68109512329102,./dataset/1024_1024_50.tns,./dataset/1024_1024_50.tns,0
1024,1024,199.31507110595703,./dataset/1024_1024_50.tns,./dataset/1024_1024_50.tns,0
1024,1024,196.52891159057617,./dataset/1024_1024_50.tns,./dataset/1024_1024_50.tns,0
1024,1024,199.48101043701172,./dataset/1024_1024_50.tns,./dataset/1024_1024_50.tns,0
1024,1024,199.16176795959473,./dataset/1024_1024_50.tns,./dataset/1024_1024_50.tns,0
1024,1024,199.82457160949707,./dataset/1024_1024_50.tns,./dataset/1024_1024_50.tns,0
1024,1024,201.04622840881348,./dataset/1024_1024_50.tns,./dataset/1024_1024_50.tns,0
1024,1024,195.97840309143066,./dataset/1024_1024_50.tns,./dataset/1024_1024_50.tns,0
1024,1024,115.1876449584961,./dataset/1024_1024_30.tns,./dataset/1024_1024_30.tns,0
1024,1024,117.28882789611816,./dataset/1024_1024_30.tns,./dataset/1024_1024_30.tns,0
1024,1024,115.43130874633789,./dataset/1024_1024_30.tns,./dataset/1024_1024_30.tns,0
1024,1024,115.56339263916016,./dataset/1024_1024_30.tns,./dataset/1024_1024_30.tns,0
1024,1024,115.3249740600586,./dataset/1024_1024_30.tns,./dataset/1024_1024_30.tns,0
1024,1024,115.40460586547852,./dataset/1024_1024_30.tns,./dataset/1024_1024_30.tns,0
1024,1024,116.63055419921875,./dataset/1024_1024_30.tns,./dataset/1024_1024_30.tns,0
1024,1024,115.43130874633789,./dataset/1024_1024_30.tns,./dataset/1024_1024_30.tns,0
1024,1024,116.72234535217285,./dataset/1024_1024_30.tns,./dataset/1024_1024_30.tns,0
1024,1024,115.67091941833496,./dataset/1024_1024_30.tns,./dataset/1024_1024_30.tns,0
512,512,16.374588012695312,./dataset/512_512_20.tns,./dataset/512_512_20.tns,0
512,512,16.39580726623535,./dataset/512_512_20.tns,./dataset/512_512_20.tns,0
512,512,16.425132751464844,./dataset/512_512_20.tns,./dataset/512_512_20.tns,0
512,512,16.471385955810547,./dataset/512_512_20.tns,./dataset/512_512_20.tns,0
512,512,16.203641891479492,./dataset/512_512_20.tns,./dataset/512_512_20.tns,0
512,512,16.674280166625977,./dataset/512_512_20.tns,./dataset/512_512_20.tns,0
512,512,16.401290893554688,./dataset/512_512_20.tns,./dataset/512_512_20.tns,0
512,512,16.376018524169922,./dataset/512_512_20.tns,./dataset/512_512_20.tns,0
512,512,16.33429527282715,./dataset/512_512_20.tns,./dataset/512_512_20.tns,0
512,512,16.336679458618164,./dataset/512_512_20.tns,./dataset/512_512_20.tns,0
2048,2048,1485.6312274932861,./dataset/2048_2048_50.tns,./dataset/2048_2048_50.tns,0
2048,2048,1466.4463996887207,./dataset/2048_2048_50.tns,./dataset/2048_2048_50.tns,0
2048,2048,1477.0784378051758,./dataset/2048_2048_50.tns,./dataset/2048_2048_50.tns,0
2048,2048,1471.7669486999512,./dataset/2048_2048_50.tns,./dataset/2048_2048_50.tns,0
2048,2048,1469.4461822509766,./dataset/2048_2048_50.tns,./dataset/2048_2048_50.tns,0
2048,2048,1483.2684993743896,./dataset/2048_2048_50.tns,./dataset/2048_2048_50.tns,0
2048,2048,1466.2396907806396,./dataset/2048_2048_50.tns,./dataset/2048_2048_50.tns,0
2048,2048,1480.7510375976562,./dataset/2048_2048_50.tns,./dataset/2048_2048_50.tns,0
2048,2048,1472.5518226623535,./dataset/2048_2048_50.tns,./dataset/2048_2048_50.tns,0
2048,2048,1469.7597026824951,./dataset/2048_2048_50.tns,./dataset/2048_2048_50.tns,0
4096,4096,18482.327461242676,./dataset/4096_4096_50.tns,./dataset/4096_4096_50.tns,0
4096,4096,18666.524410247803,./dataset/4096_4096_50.tns,./dataset/4096_4096_50.tns,0
4096,4096,18744.81463432312,./dataset/4096_4096_50.tns,./dataset/4096_4096_50.tns,0
4096,4096,18639.14442062378,./dataset/4096_4096_50.tns,./dataset/4096_4096_50.tns,0
4096,4096,18560.227632522583,./dataset/4096_4096_50.tns,./dataset/4096_4096_50.tns,0
4096,4096,18676.65958404541,./dataset/4096_4096_50.tns,./dataset/4096_4096_50.tns,0
4096,4096,18761.39783859253,./dataset/4096_4096_50.tns,./dataset/4096_4096_50.tns,0
4096,4096,18656.485557556152,./dataset/4096_4096_50.tns,./dataset/4096_4096_50.tns,0
4096,4096,18520.231246948242,./dataset/4096_4096_50.tns,./dataset/4096_4096_50.tns,0
4096,4096,18549.102306365967,./dataset/4096_4096_50.tns,./dataset/4096_4096_50.tns,0
512,512,36.85736656188965,./dataset/512_512_60.tns,./dataset/512_512_60.tns,0
512,512,36.354780197143555,./dataset/512_512_60.tns,./dataset/512_512_60.tns,0
512,512,35.82334518432617,./dataset/512_512_60.tns,./dataset/512_512_60.tns,0
512,512,35.65812110900879,./dataset/512_512_60.tns,./dataset/512_512_60.tns,0
512,512,35.600900650024414,./dataset/512_512_60.tns,./dataset/512_512_60.tns,0
512,512,36.200761795043945,./dataset/512_512_60.tns,./dataset/512_512_60.tns,0
512,512,36.33713722229004,./dataset/512_512_60.tns,./dataset/512_512_60.tns,0
512,512,35.582542419433594,./dataset/512_512_60.tns,./dataset/512_512_60.tns,0
512,512,35.703182220458984,./dataset/512_512_60.tns,./dataset/512_512_60.tns,0
512,512,35.57467460632324,./dataset/512_512_60.tns,./dataset/512_512_60.tns,0
1024,1024,242.14625358581543,./dataset/1024_1024_60.tns,./dataset/1024_1024_60.tns,0
1024,1024,250.0622272491455,./dataset/1024_1024_60.tns,./dataset/1024_1024_60.tns,0
1024,1024,246.83499336242676,./dataset/1024_1024_60.tns,./dataset/1024_1024_60.tns,0
1024,1024,242.02299118041992,./dataset/1024_1024_60.tns,./dataset/1024_1024_60.tns,0
1024,1024,246.96803092956543,./dataset/1024_1024_60.tns,./dataset/1024_1024_60.tns,0
1024,1024,242.06042289733887,./dataset/1024_1024_60.tns,./dataset/1024_1024_60.tns,0
1024,1024,243.42012405395508,./dataset/1024_1024_60.tns,./dataset/1024_1024_60.tns,0
1024,1024,242.21324920654297,./dataset/1024_1024_60.tns,./dataset/1024_1024_60.tns,0
1024,1024,245.6953525543213,./dataset/1024_1024_60.tns,./dataset/1024_1024_60.tns,0
1024,1024,242.33245849609375,./dataset/1024_1024_60.tns,./dataset/1024_1024_60.tns,0
4096,4096,34253.878593444824,./dataset/4096_4096_80.tns,./dataset/4096_4096_80.tns,0
4096,4096,34506.84380531311,./dataset/4096_4096_80.tns,./dataset/4096_4096_80.tns,0
4096,4096,34481.48322105408,./dataset/4096_4096_80.tns,./dataset/4096_4096_80.tns,0
4096,4096,34348.418951034546,./dataset/4096_4096_80.tns,./dataset/4096_4096_80.tns,0
4096,4096,34671.49066925049,./dataset/4096_4096_80.tns,./dataset/4096_4096_80.tns,0
4096,4096,34669.40712928772,./dataset/4096_4096_80.tns,./dataset/4096_4096_80.tns,0
4096,4096,34511.69967651367,./dataset/4096_4096_80.tns,./dataset/4096_4096_80.tns,0
4096,4096,34640.26188850403,./dataset/4096_4096_80.tns,./dataset/4096_4096_80.tns,0
4096,4096,34851.14550590515,./dataset/4096_4096_80.tns,./dataset/4096_4096_80.tns,0
4096,4096,34619.49634552002,./dataset/4096_4096_80.tns,./dataset/4096_4096_80.tns,0
512,512,48.81930351257324,./dataset/512_512_80.tns,./dataset/512_512_80.tns,0
512,512,48.10047149658203,./dataset/512_512_80.tns,./dataset/512_512_80.tns,0
512,512,47.12843894958496,./dataset/512_512_80.tns,./dataset/512_512_80.tns,0
512,512,46.97227478027344,./dataset/512_512_80.tns,./dataset/512_512_80.tns,0
512,512,47.28269577026367,./dataset/512_512_80.tns,./dataset/512_512_80.tns,0
512,512,47.12724685668945,./dataset/512_512_80.tns,./dataset/512_512_80.tns,0
512,512,46.387672424316406,./dataset/512_512_80.tns,./dataset/512_512_80.tns,0
512,512,48.664093017578125,./dataset/512_512_80.tns,./dataset/512_512_80.tns,0
512,512,48.085927963256836,./dataset/512_512_80.tns,./dataset/512_512_80.tns,0
512,512,47.017574310302734,./dataset/512_512_80.tns,./dataset/512_512_80.tns,0
512,512,12.457132339477539,./dataset/512_512_10.tns,./dataset/512_512_10.tns,0
512,512,12.574434280395508,./dataset/512_512_10.tns,./dataset/512_512_10.tns,0
512,512,12.465715408325195,./dataset/512_512_10.tns,./dataset/512_512_10.tns,0
512,512,12.490034103393555,./dataset/512_512_10.tns,./dataset/512_512_10.tns,0
512,512,12.436628341674805,./dataset/512_512_10.tns,./dataset/512_512_10.tns,0
512,512,12.502193450927734,./dataset/512_512_10.tns,./dataset/512_512_10.tns,0
512,512,12.464761734008789,./dataset/512_512_10.tns,./dataset/512_512_10.tns,0
512,512,12.447834014892578,./dataset/512_512_10.tns,./dataset/512_512_10.tns,0
512,512,12.464284896850586,./dataset/512_512_10.tns,./dataset/512_512_10.tns,0
512,512,12.630939483642578,./dataset/512_512_10.tns,./dataset/512_512_10.tns,0
4096,4096,24198.034286499023,./dataset/4096_4096_60.tns,./dataset/4096_4096_60.tns,0
4096,4096,24320.814609527588,./dataset/4096_4096_60.tns,./dataset/4096_4096_60.tns,0
4096,4096,24557.22141265869,./dataset/4096_4096_60.tns,./dataset/4096_4096_60.tns,0
4096,4096,24421.943187713623,./dataset/4096_4096_60.tns,./dataset/4096_4096_60.tns,0
4096,4096,24172.236919403076,./dataset/4096_4096_60.tns,./dataset/4096_4096_60.tns,0
4096,4096,25286.980867385864,./dataset/4096_4096_60.tns,./dataset/4096_4096_60.tns,0
4096,4096,25050.251960754395,./dataset/4096_4096_60.tns,./dataset/4096_4096_60.tns,0
4096,4096,24770.8740234375,./dataset/4096_4096_60.tns,./dataset/4096_4096_60.tns,0
4096,4096,24393.015146255493,./dataset/4096_4096_60.tns,./dataset/4096_4096_60.tns,0
4096,4096,24278.732776641846,./dataset/4096_4096_60.tns,./dataset/4096_4096_60.tns,0
2048,2048,2343.386650085449,./dataset/2048_2048_70.tns,./dataset/2048_2048_70.tns,0
2048,2048,2350.989818572998,./dataset/2048_2048_70.tns,./dataset/2048_2048_70.tns,0
2048,2048,2379.4617652893066,./dataset/2048_2048_70.tns,./dataset/2048_2048_70.tns,0
2048,2048,2576.1477947235107,./dataset/2048_2048_70.tns,./dataset/2048_2048_70.tns,0
2048,2048,2527.730941772461,./dataset/2048_2048_70.tns,./dataset/2048_2048_70.tns,0
2048,2048,2537.882089614868,./dataset/2048_2048_70.tns,./dataset/2048_2048_70.tns,0
2048,2048,2556.812047958374,./dataset/2048_2048_70.tns,./dataset/2048_2048_70.tns,0
2048,2048,2531.083106994629,./dataset/2048_2048_70.tns,./dataset/2048_2048_70.tns,0
2048,2048,2535.5489253997803,./dataset/2048_2048_70.tns,./dataset/2048_2048_70.tns,0
2048,2048,2536.3457202911377,./dataset/2048_2048_70.tns,./dataset/2048_2048_70.tns,0
4096,4096,14021.612644195557,./dataset/4096_4096_40.tns,./dataset/4096_4096_40.tns,0
4096,4096,13875.321865081787,./dataset/4096_4096_40.tns,./dataset/4096_4096_40.tns,0
4096,4096,13255.242824554443,./dataset/4096_4096_40.tns,./dataset/4096_4096_40.tns,0
4096,4096,13292.790651321411,./dataset/4096_4096_40.tns,./dataset/4096_4096_40.tns,0
4096,4096,13733.718395233154,./dataset/4096_4096_40.tns,./dataset/4096_4096_40.tns,0
4096,4096,14075.38104057312,./dataset/4096_4096_40.tns,./dataset/4096_4096_40.tns,0
4096,4096,13889.654159545898,./dataset/4096_4096_40.tns,./dataset/4096_4096_40.tns,0
4096,4096,14030.349731445312,./dataset/4096_4096_40.tns,./dataset/4096_4096_40.tns,0
4096,4096,13331.219673156738,./dataset/4096_4096_40.tns,./dataset/4096_4096_40.tns,0
4096,4096,13390.962600708008,./dataset/4096_4096_40.tns,./dataset/4096_4096_40.tns,0
512,512,42.008399963378906,./dataset/512_512_70.tns,./dataset/512_512_70.tns,0
512,512,42.71197319030762,./dataset/512_512_70.tns,./dataset/512_512_70.tns,0
512,512,42.215824127197266,./dataset/512_512_70.tns,./dataset/512_512_70.tns,0
512,512,44.447898864746094,./dataset/512_512_70.tns,./dataset/512_512_70.tns,0
512,512,44.162750244140625,./dataset/512_512_70.tns,./dataset/512_512_70.tns,0
512,512,42.00267791748047,./dataset/512_512_70.tns,./dataset/512_512_70.tns,0
512,512,42.15574264526367,./dataset/512_512_70.tns,./dataset/512_512_70.tns,0
512,512,42.8004264831543,./dataset/512_512_70.tns,./dataset/512_512_70.tns,0
512,512,42.57965087890625,./dataset/512_512_70.tns,./dataset/512_512_70.tns,0
512,512,42.7858829498291,./dataset/512_512_70.tns,./dataset/512_512_70.tns,0
4096,4096,8052.669286727905,./dataset/4096_4096_30.tns,./dataset/4096_4096_30.tns,0
4096,4096,8117.84815788269,./dataset/4096_4096_30.tns,./dataset/4096_4096_30.tns,0
4096,4096,8019.24204826355,./dataset/4096_4096_30.tns,./dataset/4096_4096_30.tns,0
4096,4096,8896.483898162842,./dataset/4096_4096_30.tns,./dataset/4096_4096_30.tns,0
4096,4096,8570.135116577148,./dataset/4096_4096_30.tns,./dataset/4096_4096_30.tns,0
4096,4096,8554.329872131348,./dataset/4096_4096_30.tns,./dataset/4096_4096_30.tns,0
4096,4096,8605.143308639526,./dataset/4096_4096_30.tns,./dataset/4096_4096_30.tns,0
4096,4096,8546.86713218689,./dataset/4096_4096_30.tns,./dataset/4096_4096_30.tns,0
4096,4096,8295.815467834473,./dataset/4096_4096_30.tns,./dataset/4096_4096_30.tns,0
4096,4096,8047.571659088135,./dataset/4096_4096_30.tns,./dataset/4096_4096_30.tns,0
1024,1024,337.3608589172363,./dataset/1024_1024_80.tns,./dataset/1024_1024_80.tns,0
1024,1024,338.015079498291,./dataset/1024_1024_80.tns,./dataset/1024_1024_80.tns,0
1024,1024,342.998743057251,./dataset/1024_1024_80.tns,./dataset/1024_1024_80.tns,0
1024,1024,337.3446464538574,./dataset/1024_1024_80.tns,./dataset/1024_1024_80.tns,0
1024,1024,339.6947383880615,./dataset/1024_1024_80.tns,./dataset/1024_1024_80.tns,0
1024,1024,338.0627632141113,./dataset/1024_1024_80.tns,./dataset/1024_1024_80.tns,0
1024,1024,337.8303050994873,./dataset/1024_1024_80.tns,./dataset/1024_1024_80.tns,0
1024,1024,339.02835845947266,./dataset/1024_1024_80.tns,./dataset/1024_1024_80.tns,0
1024,1024,343.0900573730469,./dataset/1024_1024_80.tns,./dataset/1024_1024_80.tns,0
1024,1024,339.01214599609375,./dataset/1024_1024_80.tns,./dataset/1024_1024_80.tns,0
4096,4096,1486.5410327911377,./dataset/4096_4096_10.tns,./dataset/4096_4096_10.tns,0
4096,4096,1492.295265197754,./dataset/4096_4096_10.tns,./dataset/4096_4096_10.tns,0
4096,4096,1501.2104511260986,./dataset/4096_4096_10.tns,./dataset/4096_4096_10.tns,0
4096,4096,1492.030382156372,./dataset/4096_4096_10.tns,./dataset/4096_4096_10.tns,0
4096,4096,1493.3738708496094,./dataset/4096_4096_10.tns,./dataset/4096_4096_10.tns,0
4096,4096,1492.365837097168,./dataset/4096_4096_10.tns,./dataset/4096_4096_10.tns,0
4096,4096,1494.6184158325195,./dataset/4096_4096_10.tns,./dataset/4096_4096_10.tns,0
4096,4096,1496.0978031158447,./dataset/4096_4096_10.tns,./dataset/4096_4096_10.tns,0
4096,4096,1491.9531345367432,./dataset/4096_4096_10.tns,./dataset/4096_4096_10.tns,0
4096,4096,1487.7004623413086,./dataset/4096_4096_10.tns,./dataset/4096_4096_10.tns,0
4096,4096,39417.977809906006,./dataset/4096_4096_90.tns,./dataset/4096_4096_90.tns,0
4096,4096,39752.69532203674,./dataset/4096_4096_90.tns,./dataset/4096_4096_90.tns,0
4096,4096,39511.88588142395,./dataset/4096_4096_90.tns,./dataset/4096_4096_90.tns,0
4096,4096,39691.75171852112,./dataset/4096_4096_90.tns,./dataset/4096_4096_90.tns,0
4096,4096,38721.62485122681,./dataset/4096_4096_90.tns,./dataset/4096_4096_90.tns,0
4096,4096,39520.331144332886,./dataset/4096_4096_90.tns,./dataset/4096_4096_90.tns,0
4096,4096,39441.24412536621,./dataset/4096_4096_90.tns,./dataset/4096_4096_90.tns,0
4096,4096,39656.736850738525,./dataset/4096_4096_90.tns,./dataset/4096_4096_90.tns,0
4096,4096,39510.05816459656,./dataset/4096_4096_90.tns,./dataset/4096_4096_90.tns,0
4096,4096,39747.75290489197,./dataset/4096_4096_90.tns,./dataset/4096_4096_90.tns,0
512,512,30.860185623168945,./dataset/512_512_50.tns,./dataset/512_512_50.tns,0
512,512,30.867815017700195,./dataset/512_512_50.tns,./dataset/512_512_50.tns,0
512,512,30.81035614013672,./dataset/512_512_50.tns,./dataset/512_512_50.tns,0
512,512,30.8682918548584,./dataset/512_512_50.tns,./dataset/512_512_50.tns,0
512,512,30.88545799255371,./dataset/512_512_50.tns,./dataset/512_512_50.tns,0
512,512,31.068086624145508,./dataset/512_512_50.tns,./dataset/512_512_50.tns,0
512,512,30.84278106689453,./dataset/512_512_50.tns,./dataset/512_512_50.tns,0
512,512,30.17425537109375,./dataset/512_512_50.tns,./dataset/512_512_50.tns,0
512,512,29.83832359313965,./dataset/512_512_50.tns,./dataset/512_512_50.tns,0
512,512,31.008243560791016,./dataset/512_512_50.tns,./dataset/512_512_50.tns,0
1024,1024,58.15768241882324,./dataset/1024_1024_10.tns,./dataset/1024_1024_10.tns,0
1024,1024,58.492422103881836,./dataset/1024_1024_10.tns,./dataset/1024_1024_10.tns,0
1024,1024,58.400869369506836,./dataset/1024_1024_10.tns,./dataset/1024_1024_10.tns,0
1024,1024,58.24875831604004,./dataset/1024_1024_10.tns,./dataset/1024_1024_10.tns,0
1024,1024,58.446407318115234,./dataset/1024_1024_10.tns,./dataset/1024_1024_10.tns,0
1024,1024,58.3648681640625,./dataset/1024_1024_10.tns,./dataset/1024_1024_10.tns,0
1024,1024,58.60424041748047,./dataset/1024_1024_10.tns,./dataset/1024_1024_10.tns,0
1024,1024,57.23881721496582,./dataset/1024_1024_10.tns,./dataset/1024_1024_10.tns,0
1024,1024,58.34794044494629,./dataset/1024_1024_10.tns,./dataset/1024_1024_10.tns,0
1024,1024,58.193206787109375,./dataset/1024_1024_10.tns,./dataset/1024_1024_10.tns,0
4096,4096,29763.91863822937,./dataset/4096_4096_70.tns,./dataset/4096_4096_70.tns,0
4096,4096,29842.339038848877,./dataset/4096_4096_70.tns,./dataset/4096_4096_70.tns,0
4096,4096,29854.525804519653,./dataset/4096_4096_70.tns,./dataset/4096_4096_70.tns,0
4096,4096,29826.704502105713,./dataset/4096_4096_70.tns,./dataset/4096_4096_70.tns,0
4096,4096,29990.562677383423,./dataset/4096_4096_70.tns,./dataset/4096_4096_70.tns,0
4096,4096,29972.256183624268,./dataset/4096_4096_70.tns,./dataset/4096_4096_70.tns,0
4096,4096,29837.43667602539,./dataset/4096_4096_70.tns,./dataset/4096_4096_70.tns,0
4096,4096,29868.50905418396,./dataset/4096_4096_70.tns,./dataset/4096_4096_70.tns,0
4096,4096,29993.789196014404,./dataset/4096_4096_70.tns,./dataset/4096_4096_70.tns,0
4096,4096,29842.239379882812,./dataset/4096_4096_70.tns,./dataset/4096_4096_70.tns,0
1024,1024,287.8913879394531,./dataset/1024_1024_70.tns,./dataset/1024_1024_70.tns,0
1024,1024,287.39237785339355,./dataset/1024_1024_70.tns,./dataset/1024_1024_70.tns,0
1024,1024,287.82153129577637,./dataset/1024_1024_70.tns,./dataset/1024_1024_70.tns,0
1024,1024,287.31274604797363,./dataset/1024_1024_70.tns,./dataset/1024_1024_70.tns,0
1024,1024,287.9776954650879,./dataset/1024_1024_70.tns,./dataset/1024_1024_70.tns,0
1024,1024,289.2415523529053,./dataset/1024_1024_70.tns,./dataset/1024_1024_70.tns,0
1024,1024,289.9951934814453,./dataset/1024_1024_70.tns,./dataset/1024_1024_70.tns,0
1024,1024,288.9707088470459,./dataset/1024_1024_70.tns,./dataset/1024_1024_70.tns,0
1024,1024,292.8459644317627,./dataset/1024_1024_70.tns,./dataset/1024_1024_70.tns,0
1024,1024,288.9707088470459,./dataset/1024_1024_70.tns,./dataset/1024_1024_70.tns,0
1024,1024,153.6421775817871,./dataset/1024_1024_40.tns,./dataset/1024_1024_40.tns,0
1024,1024,154.19244766235352,./dataset/1024_1024_40.tns,./dataset/1024_1024_40.tns,0
1024,1024,155.46298027038574,./dataset/1024_1024_40.tns,./dataset/1024_1024_40.tns,0
1024,1024,153.7163257598877,./dataset/1024_1024_40.tns,./dataset/1024_1024_40.tns,0
1024,1024,156.5694808959961,./dataset/1024_1024_40.tns,./dataset/1024_1024_40.tns,0
1024,1024,155.97891807556152,./dataset/1024_1024_40.tns,./dataset/1024_1024_40.tns,0
1024,1024,153.9444923400879,./dataset/1024_1024_40.tns,./dataset/1024_1024_40.tns,0
1024,1024,156.3255786895752,./dataset/1024_1024_40.tns,./dataset/1024_1024_40.tns,0
1024,1024,154.7372341156006,./dataset/1024_1024_40.tns,./dataset/1024_1024_40.tns,0
1024,1024,154.32214736938477,./dataset/1024_1024_40.tns,./dataset/1024_1024_40.tns,0
512,512,53.60531806945801,./dataset/512_512_90.tns,./dataset/512_512_90.tns,0
512,512,53.62653732299805,./dataset/512_512_90.tns,./dataset/512_512_90.tns,0
512,512,53.54022979736328,./dataset/512_512_90.tns,./dataset/512_512_90.tns,0
512,512,53.78365516662598,./dataset/512_512_90.tns,./dataset/512_512_90.tns,0
512,512,53.926944732666016,./dataset/512_512_90.tns,./dataset/512_512_90.tns,0
512,512,53.850650787353516,./dataset/512_512_90.tns,./dataset/512_512_90.tns,0
512,512,53.55954170227051,./dataset/512_512_90.tns,./dataset/512_512_90.tns,0
512,512,54.00228500366211,./dataset/512_512_90.tns,./dataset/512_512_90.tns,0
512,512,53.62224578857422,./dataset/512_512_90.tns,./dataset/512_512_90.tns,0
512,512,53.77006530761719,./dataset/512_512_90.tns,./dataset/512_512_90.tns,0
2048,2048,1886.9667053222656,./dataset/2048_2048_60.tns,./dataset/2048_2048_60.tns,0
2048,2048,1884.568452835083,./dataset/2048_2048_60.tns,./dataset/2048_2048_60.tns,0
2048,2048,1885.3027820587158,./dataset/2048_2048_60.tns,./dataset/2048_2048_60.tns,0
2048,2048,1874.551773071289,./dataset/2048_2048_60.tns,./dataset/2048_2048_60.tns,0
2048,2048,1913.839340209961,./dataset/2048_2048_60.tns,./dataset/2048_2048_60.tns,0
2048,2048,1882.3754787445068,./dataset/2048_2048_60.tns,./dataset/2048_2048_60.tns,0
2048,2048,1883.9900493621826,./dataset/2048_2048_60.tns,./dataset/2048_2048_60.tns,0
2048,2048,1874.9723434448242,./dataset/2048_2048_60.tns,./dataset/2048_2048_60.tns,0
2048,2048,1884.0854167938232,./dataset/2048_2048_60.tns,./dataset/2048_2048_60.tns,0
2048,2048,1895.1635360717773,./dataset/2048_2048_60.tns,./dataset/2048_2048_60.tns,0
2048,2048,268.15009117126465,./dataset/2048_2048_10.tns,./dataset/2048_2048_10.tns,0
2048,2048,268.6347961425781,./dataset/2048_2048_10.tns,./dataset/2048_2048_10.tns,0
2048,2048,267.69495010375977,./dataset/2048_2048_10.tns,./dataset/2048_2048_10.tns,0
2048,2048,267.52448081970215,./dataset/2048_2048_10.tns,./dataset/2048_2048_10.tns,0
2048,2048,268.6035633087158,./dataset/2048_2048_10.tns,./dataset/2048_2048_10.tns,0
2048,2048,267.90714263916016,./dataset/2048_2048_10.tns,./dataset/2048_2048_10.tns,0
2048,2048,268.62168312072754,./dataset/2048_2048_10.tns,./dataset/2048_2048_10.tns,0
2048,2048,267.8093910217285,./dataset/2048_2048_10.tns,./dataset/2048_2048_10.tns,0
2048,2048,268.8562870025635,./dataset/2048_2048_10.tns,./dataset/2048_2048_10.tns,0
2048,2048,268.81933212280273,./dataset/2048_2048_10.tns,./dataset/2048_2048_10.tns,0
2048,2048,470.30067443847656,./dataset/2048_2048_20.tns,./dataset/2048_2048_20.tns,0
2048,2048,465.8663272857666,./dataset/2048_2048_20.tns,./dataset/2048_2048_20.tns,0
2048,2048,467.984676361084,./dataset/2048_2048_20.tns,./dataset/2048_2048_20.tns,0
2048,2048,465.7926559448242,./dataset/2048_2048_20.tns,./dataset/2048_2048_20.tns,0
2048,2048,465.45910835266113,./dataset/2048_2048_20.tns,./dataset/2048_2048_20.tns,0
2048,2048,464.4770622253418,./dataset/2048_2048_20.tns,./dataset/2048_2048_20.tns,0
2048,2048,475.8596420288086,./dataset/2048_2048_20.tns,./dataset/2048_2048_20.tns,0
2048,2048,469.5589542388916,./dataset/2048_2048_20.tns,./dataset/2048_2048_20.tns,0
2048,2048,472.77235984802246,./dataset/2048_2048_20.tns,./dataset/2048_2048_20.tns,0
2048,2048,465.5802249908447,./dataset/2048_2048_20.tns,./dataset/2048_2048_20.tns,0
2048,2048,3294.1646575927734,./dataset/2048_2048_90.tns,./dataset/2048_2048_90.tns,0
2048,2048,3303.889513015747,./dataset/2048_2048_90.tns,./dataset/2048_2048_90.tns,0
2048,2048,3321.2175369262695,./dataset/2048_2048_90.tns,./dataset/2048_2048_90.tns,0
2048,2048,3337.5601768493652,./dataset/2048_2048_90.tns,./dataset/2048_2048_90.tns,0
2048,2048,3279.273271560669,./dataset/2048_2048_90.tns,./dataset/2048_2048_90.tns,0
2048,2048,3272.576093673706,./dataset/2048_2048_90.tns,./dataset/2048_2048_90.tns,0
2048,2048,3306.567430496216,./dataset/2048_2048_90.tns,./dataset/2048_2048_90.tns,0
2048,2048,3278.0003547668457,./dataset/2048_2048_90.tns,./dataset/2048_2048_90.tns,0
2048,2048,3283.724308013916,./dataset/2048_2048_90.tns,./dataset/2048_2048_90.tns,0
2048,2048,3290.1179790496826,./dataset/2048_2048_90.tns,./dataset/2048_2048_90.tns,0
2048,2048,1098.3319282531738,./dataset/2048_2048_40.tns,./dataset/2048_2048_40.tns,0
2048,2048,1099.2097854614258,./dataset/2048_2048_40.tns,./dataset/2048_2048_40.tns,0
2048,2048,1093.9912796020508,./dataset/2048_2048_40.tns,./dataset/2048_2048_40.tns,0
2048,2048,1100.245714187622,./dataset/2048_2048_40.tns,./dataset/2048_2048_40.tns,0
2048,2048,1104.9261093139648,./dataset/2048_2048_40.tns,./dataset/2048_2048_40.tns,0
2048,2048,1097.3625183105469,./dataset/2048_2048_40.tns,./dataset/2048_2048_40.tns,0
2048,2048,1092.0534133911133,./dataset/2048_2048_40.tns,./dataset/2048_2048_40.tns,0
2048,2048,1095.1969623565674,./dataset/2048_2048_40.tns,./dataset/2048_2048_40.tns,0
2048,2048,1091.7189121246338,./dataset/2048_2048_40.tns,./dataset/2048_2048_40.tns,0
2048,2048,1094.2449569702148,./dataset/2048_2048_40.tns,./dataset/2048_2048_40.tns,0
512,512,25.04706382751465,./dataset/512_512_40.tns,./dataset/512_512_40.tns,0
512,512,25.06232261657715,./dataset/512_512_40.tns,./dataset/512_512_40.tns,0
512,512,25.03204345703125,./dataset/512_512_40.tns,./dataset/512_512_40.tns,0
512,512,24.92809295654297,./dataset/512_512_40.tns,./dataset/512_512_40.tns,0
512,512,24.896621704101562,./dataset/512_512_40.tns,./dataset/512_512_40.tns,0
512,512,25.00772476196289,./dataset/512_512_40.tns,./dataset/512_512_40.tns,0
512,512,25.687217712402344,./dataset/512_512_40.tns,./dataset/512_512_40.tns,0
512,512,25.58302879333496,./dataset/512_512_40.tns,./dataset/512_512_40.tns,0
512,512,25.13885498046875,./dataset/512_512_40.tns,./dataset/512_512_40.tns,0
512,512,25.820493698120117,./dataset/512_512_40.tns,./dataset/512_512_40.tns,0
2048,2048,747.3435401916504,./dataset/2048_2048_30.tns,./dataset/2048_2048_30.tns,0
2048,2048,747.9615211486816,./dataset/2048_2048_30.tns,./dataset/2048_2048_30.tns,0
2048,2048,749.8805522918701,./dataset/2048_2048_30.tns,./dataset/2048_2048_30.tns,0
2048,2048,747.1930980682373,./dataset/2048_2048_30.tns,./dataset/2048_2048_30.tns,0
2048,2048,752.2141933441162,./dataset/2048_2048_30.tns,./dataset/2048_2048_30.tns,0
2048,2048,748.2564449310303,./dataset/2048_2048_30.tns,./dataset/2048_2048_30.tns,0
2048,2048,748.3408451080322,./dataset/2048_2048_30.tns,./dataset/2048_2048_30.tns,0
2048,2048,756.2844753265381,./dataset/2048_2048_30.tns,./dataset/2048_2048_30.tns,0
2048,2048,749.8030662536621,./dataset/2048_2048_30.tns,./dataset/2048_2048_30.tns,0
2048,2048,748.3484745025635,./dataset/2048_2048_30.tns,./dataset/2048_2048_30.tns,0
512,512,21.511316299438477,./dataset/512_512_30.tns,./dataset/512_512_30.tns,0
512,512,20.345449447631836,./dataset/512_512_30.tns,./dataset/512_512_30.tns,0
512,512,20.362138748168945,./dataset/512_512_30.tns,./dataset/512_512_30.tns,0
512,512,20.476341247558594,./dataset/512_512_30.tns,./dataset/512_512_30.tns,0
512,512,20.53523063659668,./dataset/512_512_30.tns,./dataset/512_512_30.tns,0
512,512,20.339012145996094,./dataset/512_512_30.tns,./dataset/512_512_30.tns,0
512,512,20.574331283569336,./dataset/512_512_30.tns,./dataset/512_512_30.tns,0
512,512,20.373821258544922,./dataset/512_512_30.tns,./dataset/512_512_30.tns,0
512,512,20.429134368896484,./dataset/512_512_30.tns,./dataset/512_512_30.tns,0
512,512,20.826101303100586,./dataset/512_512_30.tns,./dataset/512_512_30.tns,0