M,K,time,A,B,dense
2048,2048,6.265401840209961,./dataset/2048_2048_80.tns,./dataset/2048_2048_80.tns,1
2048,2048,8.752584457397461,./dataset/2048_2048_80.tns,./dataset/2048_2048_80.tns,1
2048,2048,6.392240524291992,./dataset/2048_2048_80.tns,./dataset/2048_2048_80.tns,1
2048,2048,10.565519332885742,./dataset/2048_2048_80.tns,./dataset/2048_2048_80.tns,1
2048,2048,9.263277053833008,./dataset/2048_2048_80.tns,./dataset/2048_2048_80.tns,1
2048,2048,6.259918212890625,./dataset/2048_2048_80.tns,./dataset/2048_2048_80.tns,1
2048,2048,6.485700607299805,./dataset/2048_2048_80.tns,./dataset/2048_2048_80.tns,1
2048,2048,8.899450302124023,./dataset/2048_2048_80.tns,./dataset/2048_2048_80.tns,1
2048,2048,6.247997283935547,./dataset/2048_2048_80.tns,./dataset/2048_2048_80.tns,1
2048,2048,8.645772933959961,./dataset/2048_2048_80.tns,./dataset/2048_2048_80.tns,1
1024,1024,1.798391342163086,./dataset/1024_1024_90.tns,./dataset/1024_1024_90.tns,1
1024,1024,1.8553733825683594,./dataset/1024_1024_90.tns,./dataset/1024_1024_90.tns,1
1024,1024,1.5289783477783203,./dataset/1024_1024_90.tns,./dataset/1024_1024_90.tns,1
1024,1024,1.8553733825683594,./dataset/1024_1024_90.tns,./dataset/1024_1024_90.tns,1
1024,1024,1.8281936645507812,./dataset/1024_1024_90.tns,./dataset/1024_1024_90.tns,1
1024,1024,1.7795562744140625,./dataset/1024_1024_90.tns,./dataset/1024_1024_90.tns,1
1024,1024,1.52587890625,./dataset/1024_1024_90.tns,./dataset/1024_1024_90.tns,1
1024,1024,1.728057861328125,./dataset/1024_1024_90.tns,./dataset/1024_1024_90.tns,1
1024,1024,1.7867088317871094,./dataset/1024_1024_90.tns,./dataset/1024_1024_90.tns,1
1024,1024,1.5251636505126953,./dataset/1024_1024_90.tns,./dataset/1024_1024_90.tns,1
4096,4096,56.743621826171875,./dataset/4096_4096_20.tns,./dataset/4096_4096_20.tns,1
4096,4096,39.98589515686035,./dataset/4096_4096_20.tns,./dataset/4096_4096_20.tns,1
4096,4096,42.7546501159668,./dataset/4096_4096_20.tns,./dataset/4096_4096_20.tns,1
4096,4096,43.29705238342285,./dataset/4096_4096_20.tns,./dataset/4096_4096_20.tns,1
4096,4096,48.29812049865723,./dataset/4096_4096_20.tns,./dataset/4096_4096_20.tns,1
4096,4096,56.97464942932129,./dataset/4096_4096_20.tns,./dataset/4096_4096_20.tns,1
4096,4096,57.837724685668945,./dataset/4096_4096_20.tns,./dataset/4096_4096_20.tns,1
4096,4096,43.49017143249512,./dataset/4096_4096_20.tns,./dataset/4096_4096_20.tns,1
4096,4096,56.49614334106445,./dataset/4096_4096_20.tns,./dataset/4096_4096_20.tns,1
4096,4096,55.13310432434082,./dataset/4096_4096_20.tns,./dataset/4096_4096_20.tns,1
1024,1024,1.9650459289550781,./dataset/1024_1024_20.tns,./dataset/1024_1024_20.tns,1
1024,1024,1.7962455749511719,./dataset/1024_1024_20.tns,./dataset/1024_1024_20.tns,1
1024,1024,1.4324188232421875,./dataset/1024_1024_20.tns,./dataset/1024_1024_20.tns,1
1024,1024,1.7991065979003906,./dataset/1024_1024_20.tns,./dataset/1024_1024_20.tns,1
1024,1024,1.4698505401611328,./dataset/1024_1024_20.tns,./dataset/1024_1024_20.tns,1
1024,1024,4.634857177734375,./dataset/1024_1024_20.tns,./dataset/1024_1024_20.tns,1
1024,1024,1.4634132385253906,./dataset/1024_1024_20.tns,./dataset/1024_1024_20.tns,1
1024,1024,1.7139911651611328,./dataset/1024_1024_20.tns,./dataset/1024_1024_20.tns,1
1024,1024,1.3661384582519531,./dataset/1024_1024_20.tns,./dataset/1024_1024_20.tns,1
1024,1024,1.4338493347167969,./dataset/1024_1024_20.tns,./dataset/1024_1024_20.tns,1
1024,1024,1.3570785522460938,./dataset/1024_1024_50.tns,./dataset/1024_1024_50.tns,1
1024,1024,3.7207603454589844,./dataset/1024_1024_50.tns,./dataset/1024_1024_50.tns,1
1024,1024,1.7201900482177734,./dataset/1024_1024_50.tns,./dataset/1024_1024_50.tns,1
1024,1024,1.2896060943603516,./dataset/1024_1024_50.tns,./dataset/1024_1024_50.tns,1
1024,1024,3.763437271118164,./dataset/1024_1024_50.tns,./dataset/1024_1024_50.tns,1
1024,1024,1.401662826538086,./dataset/1024_1024_50.tns,./dataset/1024_1024_50.tns,1
1024,1024,1.6946792602539062,./dataset/1024_1024_50.tns,./dataset/1024_1024_50.tns,1
1024,1024,1.2645721435546875,./dataset/1024_1024_50.tns,./dataset/1024_1024_50.tns,1
1024,1024,1.6710758209228516,./dataset/1024_1024_50.tns,./dataset/1024_1024_50.tns,1
1024,1024,1.6620159149169922,./dataset/1024_1024_50.tns,./dataset/1024_1024_50.tns,1
1024,1024,1.497507095336914,./dataset/1024_1024_30.tns,./dataset/1024_1024_30.tns,1
1024,1024,1.4793872833251953,./dataset/1024_1024_30.tns,./dataset/1024_1024_30.tns,1
1024,1024,1.9481182098388672,./dataset/1024_1024_30.tns,./dataset/1024_1024_30.tns,1
1024,1024,1.7971992492675781,./dataset/1024_1024_30.tns,./dataset/1024_1024_30.tns,1
1024,1024,1.7175674438476562,./dataset/1024_1024_30.tns,./dataset/1024_1024_30.tns,1
1024,1024,1.505136489868164,./dataset/1024_1024_30.tns,./dataset/1024_1024_30.tns,1
1024,1024,1.5053749084472656,./dataset/1024_1024_30.tns,./dataset/1024_1024_30.tns,1
1024,1024,1.5361309051513672,./dataset/1024_1024_30.tns,./dataset/1024_1024_30.tns,1
1024,1024,1.5451908111572266,./dataset/1024_1024_30.tns,./dataset/1024_1024_30.tns,1
1024,1024,1.506805419921875,./dataset/1024_1024_30.tns,./dataset/1024_1024_30.tns,1
512,512,0.5030632019042969,./dataset/512_512_20.tns,./dataset/512_512_20.tns,1
512,512,0.5404949188232422,./dataset/512_512_20.tns,./dataset/512_512_20.tns,1
512,512,0.5056858062744141,./dataset/512_512_20.tns,./dataset/512_512_20.tns,1
512,512,0.5345344543457031,./dataset/512_512_20.tns,./dataset/512_512_20.tns,1
512,512,0.5316734313964844,./dataset/512_512_20.tns,./dataset/512_512_20.tns,1
512,512,0.6568431854248047,./dataset/512_512_20.tns,./dataset/512_512_20.tns,1
512,512,0.5922317504882812,./dataset/512_512_20.tns,./dataset/512_512_20.tns,1
512,512,0.5049705505371094,./dataset/512_512_20.tns,./dataset/512_512_20.tns,1
512,512,0.5650520324707031,./dataset/512_512_20.tns,./dataset/512_512_20.tns,1
512,512,0.6558895111083984,./dataset/512_512_20.tns,./dataset/512_512_20.tns,1
2048,2048,5.928277969360352,./dataset/2048_2048_50.tns,./dataset/2048_2048_50.tns,1
2048,2048,5.91278076171875,./dataset/2048_2048_50.tns,./dataset/2048_2048_50.tns,1
2048,2048,6.306171417236328,./dataset/2048_2048_50.tns,./dataset/2048_2048_50.tns,1
2048,2048,8.82101058959961,./dataset/2048_2048_50.tns,./dataset/2048_2048_50.tns,1
2048,2048,5.832433700561523,./dataset/2048_2048_50.tns,./dataset/2048_2048_50.tns,1
2048,2048,6.31260871887207,./dataset/2048_2048_50.tns,./dataset/2048_2048_50.tns,1
2048,2048,10.180473327636719,./dataset/2048_2048_50.tns,./dataset/2048_2048_50.tns,1
2048,2048,9.245872497558594,./dataset/2048_2048_50.tns,./dataset/2048_2048_50.tns,1
2048,2048,8.967161178588867,./dataset/2048_2048_50.tns,./dataset/2048_2048_50.tns,1
2048,2048,6.028652191162109,./dataset/2048_2048_50.tns,./dataset/2048_2048_50.tns,1
4096,4096,42.55342483520508,./dataset/4096_4096_50.tns,./dataset/4096_4096_50.tns,1
4096,4096,43.856143951416016,./dataset/4096_4096_50.tns,./dataset/4096_4096_50.tns,1
4096,4096,40.24624824523926,./dataset/4096_4096_50.tns,./dataset/4096_4096_50.tns,1
4096,4096,40.12942314147949,./dataset/4096_4096_50.tns,./dataset/4096_4096_50.tns,1
4096,4096,39.422035217285156,./dataset/4096_4096_50.tns,./dataset/4096_4096_50.tns,1
4096,4096,40.705204010009766,./dataset/4096_4096_50.tns,./dataset/4096_4096_50.tns,1
4096,4096,43.3192253112793,./dataset/4096_4096_50.tns,./dataset/4096_4096_50.tns,1
4096,4096,55.71174621582031,./dataset/4096_4096_50.tns,./dataset/4096_4096_50.tns,1
4096,4096,56.12587928771973,./dataset/4096_4096_50.tns,./dataset/4096_4096_50.tns,1
4096,4096,54.75616455078125,./dataset/4096_4096_50.tns,./dataset/4096_4096_50.tns,1
512,512,0.6878376007080078,./dataset/512_512_60.tns,./dataset/512_512_60.tns,1
512,512,0.5033016204833984,./dataset/512_512_60.tns,./dataset/512_512_60.tns,1
512,512,0.5822181701660156,./dataset/512_512_60.tns,./dataset/512_512_60.tns,1
512,512,0.6768703460693359,./dataset/512_512_60.tns,./dataset/512_512_60.tns,1
512,512,0.5404949188232422,./dataset/512_512_60.tns,./dataset/512_512_60.tns,1
512,512,0.5528926849365234,./dataset/512_512_60.tns,./dataset/512_512_60.tns,1
512,512,0.5624294281005859,./dataset/512_512_60.tns,./dataset/512_512_60.tns,1
512,512,0.5505084991455078,./dataset/512_512_60.tns,./dataset/512_512_60.tns,1
512,512,0.6031990051269531,./dataset/512_512_60.tns,./dataset/512_512_60.tns,1
512,512,0.5412101745605469,./dataset/512_512_60.tns,./dataset/512_512_60.tns,1
1024,1024,1.4557838439941406,./dataset/1024_1024_60.tns,./dataset/1024_1024_60.tns,1
1024,1024,1.6956329345703125,./dataset/1024_1024_60.tns,./dataset/1024_1024_60.tns,1
1024,1024,1.2516975402832031,./dataset/1024_1024_60.tns,./dataset/1024_1024_60.tns,1
1024,1024,1.8622875213623047,./dataset/1024_1024_60.tns,./dataset/1024_1024_60.tns,1
1024,1024,1.3172626495361328,./dataset/1024_1024_60.tns,./dataset/1024_1024_60.tns,1
1024,1024,1.5292167663574219,./dataset/1024_1024_60.tns,./dataset/1024_1024_60.tns,1
1024,1024,1.398324966430664,./dataset/1024_1024_60.tns,./dataset/1024_1024_60.tns,1
1024,1024,1.6443729400634766,./dataset/1024_1024_60.tns,./dataset/1024_1024_60.tns,1
1024,1024,1.3260841369628906,./dataset/1024_1024_60.tns,./dataset/1024_1024_60.tns,1
1024,1024,1.8677711486816406,./dataset/1024_1024_60.tns,./dataset/1024_1024_60.tns,1
4096,4096,58.42876434326172,./dataset/4096_4096_80.tns,./dataset/4096_4096_80.tns,1
4096,4096,55.94992637634277,./dataset/4096_4096_80.tns,./dataset/4096_4096_80.tns,1
4096,4096,40.69972038269043,./dataset/4096_4096_80.tns,./dataset/4096_4096_80.tns,1
4096,4096,55.67455291748047,./dataset/4096_4096_80.tns,./dataset/4096_4096_80.tns,1
4096,4096,38.988590240478516,./dataset/4096_4096_80.tns,./dataset/4096_4096_80.tns,1
4096,4096,56.87308311462402,./dataset/4096_4096_80.tns,./dataset/4096_4096_80.tns,1
4096,4096,39.701223373413086,./dataset/4096_4096_80.tns,./dataset/4096_4096_80.tns,1
4096,4096,56.25200271606445,./dataset/4096_4096_80.tns,./dataset/4096_4096_80.tns,1
4096,4096,39.75319862365723,./dataset/4096_4096_80.tns,./dataset/4096_4096_80.tns,1
4096,4096,40.162086486816406,./dataset/4096_4096_80.tns,./dataset/4096_4096_80.tns,1
512,512,0.5574226379394531,./dataset/512_512_80.tns,./dataset/512_512_80.tns,1
512,512,0.537872314453125,./dataset/512_512_80.tns,./dataset/512_512_80.tns,1
512,512,0.5903244018554688,./dataset/512_512_80.tns,./dataset/512_512_80.tns,1
512,512,3.6230087280273438,./dataset/512_512_80.tns,./dataset/512_512_80.tns,1
512,512,0.507354736328125,./dataset/512_512_80.tns,./dataset/512_512_80.tns,1
512,512,0.5297660827636719,./dataset/512_512_80.tns,./dataset/512_512_80.tns,1
512,512,0.5779266357421875,./dataset/512_512_80.tns,./dataset/512_512_80.tns,1
512,512,0.5784034729003906,./dataset/512_512_80.tns,./dataset/512_512_80.tns,1
512,512,0.545501708984375,./dataset/512_512_80.tns,./dataset/512_512_80.tns,1
512,512,0.5304813385009766,./dataset/512_512_80.tns,./dataset/512_512_80.tns,1
512,512,1.6880035400390625,./dataset/512_512_10.tns,./dataset/512_512_10.tns,1
512,512,0.6201267242431641,./dataset/512_512_10.tns,./dataset/512_512_10.tns,1
512,512,0.7016658782958984,./dataset/512_512_10.tns,./dataset/512_512_10.tns,1
512,512,2.5000572204589844,./dataset/512_512_10.tns,./dataset/512_512_10.tns,1
512,512,0.6058216094970703,./dataset/512_512_10.tns,./dataset/512_512_10.tns,1
512,512,0.6184577941894531,./dataset/512_512_10.tns,./dataset/512_512_10.tns,1
512,512,0.6051063537597656,./dataset/512_512_10.tns,./dataset/512_512_10.tns,1
512,512,0.6756782531738281,./dataset/512_512_10.tns,./dataset/512_512_10.tns,1
512,512,0.6399154663085938,./dataset/512_512_10.tns,./dataset/512_512_10.tns,1
512,512,0.7841587066650391,./dataset/512_512_10.tns,./dataset/512_512_10.tns,1
4096,4096,39.495229721069336,./dataset/4096_4096_60.tns,./dataset/4096_4096_60.tns,1
4096,4096,42.64640808105469,./dataset/4096_4096_60.tns,./dataset/4096_4096_60.tns,1
4096,4096,52.34932899475098,./dataset/4096_4096_60.tns,./dataset/4096_4096_60.tns,1
4096,4096,43.79844665527344,./dataset/4096_4096_60.tns,./dataset/4096_4096_60.tns,1
4096,4096,52.36077308654785,./dataset/4096_4096_60.tns,./dataset/4096_4096_60.tns,1
4096,4096,57.21545219421387,./dataset/4096_4096_60.tns,./dataset/4096_4096_60.tns,1
4096,4096,43.57576370239258,./dataset/4096_4096_60.tns,./dataset/4096_4096_60.tns,1
4096,4096,57.58810043334961,./dataset/4096_4096_60.tns,./dataset/4096_4096_60.tns,1
4096,4096,43.86305809020996,./dataset/4096_4096_60.tns,./dataset/4096_4096_60.tns,1
4096,4096,44.61264610290527,./dataset/4096_4096_60.tns,./dataset/4096_4096_60.tns,1
2048,2048,9.956598281860352,./dataset/2048_2048_70.tns,./dataset/2048_2048_70.tns,1
2048,2048,6.1492919921875,./dataset/2048_2048_70.tns,./dataset/2048_2048_70.tns,1
2048,2048,8.826255798339844,./dataset/2048_2048_70.tns,./dataset/2048_2048_70.tns,1
2048,2048,8.950471878051758,./dataset/2048_2048_70.tns,./dataset/2048_2048_70.tns,1
2048,2048,9.062528610229492,./dataset/2048_2048_70.tns,./dataset/2048_2048_70.tns,1
2048,2048,6.075382232666016,./dataset/2048_2048_70.tns,./dataset/2048_2048_70.tns,1
2048,2048,8.791208267211914,./dataset/2048_2048_70.tns,./dataset/2048_2048_70.tns,1
2048,2048,6.083250045776367,./dataset/2048_2048_70.tns,./dataset/2048_2048_70.tns,1
2048,2048,8.947134017944336,./dataset/2048_2048_70.tns,./dataset/2048_2048_70.tns,1
2048,2048,6.195783615112305,./dataset/2048_2048_70.tns,./dataset/2048_2048_70.tns,1
4096,4096,40.88759422302246,./dataset/4096_4096_40.tns,./dataset/4096_4096_40.tns,1
4096,4096,45.22347450256348,./dataset/4096_4096_40.tns,./dataset/4096_4096_40.tns,1
4096,4096,39.84475135803223,./dataset/4096_4096_40.tns,./dataset/4096_4096_40.tns,1
4096,4096,57.906150817871094,./dataset/4096_4096_40.tns,./dataset/4096_4096_40.tns,1
4096,4096,56.391239166259766,./dataset/4096_4096_40.tns,./dataset/4096_4096_40.tns,1
4096,4096,40.08340835571289,./dataset/4096_4096_40.tns,./dataset/4096_4096_40.tns,1
4096,4096,40.35234451293945,./dataset/4096_4096_40.tns,./dataset/4096_4096_40.tns,1
4096,4096,54.65364456176758,./dataset/4096_4096_40.tns,./dataset/4096_4096_40.tns,1
4096,4096,57.088613510131836,./dataset/4096_4096_40.tns,./dataset/4096_4096_40.tns,1
4096,4096,40.54546356201172,./dataset/4096_4096_40.tns,./dataset/4096_4096_40.tns,1
512,512,0.5700588226318359,./dataset/512_512_70.tns,./dataset/512_512_70.tns,1
512,512,0.5793571472167969,./dataset/512_512_70.tns,./dataset/512_512_70.tns,1
512,512,0.5600452423095703,./dataset/512_512_70.tns,./dataset/512_512_70.tns,1
512,512,0.5588531494140625,./dataset/512_512_70.tns,./dataset/512_512_70.tns,1
512,512,2.4983882904052734,./dataset/512_512_70.tns,./dataset/512_512_70.tns,1
512,512,0.5238056182861328,./dataset/512_512_70.tns,./dataset/512_512_70.tns,1
512,512,0.6053447723388672,./dataset/512_512_70.tns,./dataset/512_512_70.tns,1
512,512,0.5173683166503906,./dataset/512_512_70.tns,./dataset/512_512_70.tns,1
512,512,0.5209445953369141,./dataset/512_512_70.tns,./dataset/512_512_70.tns,1
512,512,0.5474090576171875,./dataset/512_512_70.tns,./dataset/512_512_70.tns,1
4096,4096,62.49690055847168,./dataset/4096_4096_30.tns,./dataset/4096_4096_30.tns,1
4096,4096,38.81216049194336,./dataset/4096_4096_30.tns,./dataset/4096_4096_30.tns,1
4096,4096,39.89768028259277,./dataset/4096_4096_30.tns,./dataset/4096_4096_30.tns,1
4096,4096,39.346933364868164,./dataset/4096_4096_30.tns,./dataset/4096_4096_30.tns,1
4096,4096,54.84747886657715,./dataset/4096_4096_30.tns,./dataset/4096_4096_30.tns,1
4096,4096,38.83504867553711,./dataset/4096_4096_30.tns,./dataset/4096_4096_30.tns,1
4096,4096,39.37196731567383,./dataset/4096_4096_30.tns,./dataset/4096_4096_30.tns,1
4096,4096,53.839683532714844,./dataset/4096_4096_30.tns,./dataset/4096_4096_30.tns,1
4096,4096,40.849924087524414,./dataset/4096_4096_30.tns,./dataset/4096_4096_30.tns,1
4096,4096,54.24690246582031,./dataset/4096_4096_30.tns,./dataset/4096_4096_30.tns,1
1024,1024,1.7859935760498047,./dataset/1024_1024_80.tns,./dataset/1024_1024_80.tns,1
1024,1024,1.2857913970947266,./dataset/1024_1024_80.tns,./dataset/1024_1024_80.tns,1
1024,1024,1.2507438659667969,./dataset/1024_1024_80.tns,./dataset/1024_1024_80.tns,1
1024,1024,1.7545223236083984,./dataset/1024_1024_80.tns,./dataset/1024_1024_80.tns,1
1024,1024,1.7080307006835938,./dataset/1024_1024_80.tns,./dataset/1024_1024_80.tns,1
1024,1024,1.409292221069336,./dataset/1024_1024_80.tns,./dataset/1024_1024_80.tns,1
1024,1024,1.333475112915039,./dataset/1024_1024_80.tns,./dataset/1024_1024_80.tns,1
1024,1024,2.936124801635742,./dataset/1024_1024_80.tns,./dataset/1024_1024_80.tns,1
1024,1024,1.6918182373046875,./dataset/1024_1024_80.tns,./dataset/1024_1024_80.tns,1
1024,1024,1.2688636779785156,./dataset/1024_1024_80.tns,./dataset/1024_1024_80.tns,1
4096,4096,57.86705017089844,./dataset/4096_4096_10.tns,./dataset/4096_4096_10.tns,1
4096,4096,66.3142204284668,./dataset/4096_4096_10.tns,./dataset/4096_4096_10.tns,1
4096,4096,42.6943302154541,./dataset/4096_4096_10.tns,./dataset/4096_4096_10.tns,1
4096,4096,43.44964027404785,./dataset/4096_4096_10.tns,./dataset/4096_4096_10.tns,1
4096,4096,54.624080657958984,./dataset/4096_4096_10.tns,./dataset/4096_4096_10.tns,1
4096,4096,57.6014518737793,./dataset/4096_4096_10.tns,./dataset/4096_4096_10.tns,1
4096,4096,42.86980628967285,./dataset/4096_4096_10.tns,./dataset/4096_4096_10.tns,1
4096,4096,56.27727508544922,./dataset/4096_4096_10.tns,./dataset/4096_4096_10.tns,1
4096,4096,43.05744171142578,./dataset/4096_4096_10.tns,./dataset/4096_4096_10.tns,1
4096,4096,53.72452735900879,./dataset/4096_4096_10.tns,./dataset/4096_4096_10.tns,1
4096,4096,57.55877494812012,./dataset/4096_4096_90.tns,./dataset/4096_4096_90.tns,1
4096,4096,54.47506904602051,./dataset/4096_4096_90.tns,./dataset/4096_4096_90.tns,1
4096,4096,41.434526443481445,./dataset/4096_4096_90.tns,./dataset/4096_4096_90.tns,1
4096,4096,57.65104293823242,./dataset/4096_4096_90.tns,./dataset/4096_4096_90.tns,1
4096,4096,56.249380111694336,./dataset/4096_4096_90.tns,./dataset/4096_4096_90.tns,1
4096,4096,57.847023010253906,./dataset/4096_4096_90.tns,./dataset/4096_4096_90.tns,1
4096,4096,40.4667854309082,./dataset/4096_4096_90.tns,./dataset/4096_4096_90.tns,1
4096,4096,39.93868827819824,./dataset/4096_4096_90.tns,./dataset/4096_4096_90.tns,1
4096,4096,59.72909927368164,./dataset/4096_4096_90.tns,./dataset/4096_4096_90.tns,1
4096,4096,39.51120376586914,./dataset/4096_4096_90.tns,./dataset/4096_4096_90.tns,1
512,512,0.5843639373779297,./dataset/512_512_50.tns,./dataset/512_512_50.tns,1
512,512,0.6501674652099609,./dataset/512_512_50.tns,./dataset/512_512_50.tns,1
512,512,0.5209445953369141,./dataset/512_512_50.tns,./dataset/512_512_50.tns,1
512,512,0.5519390106201172,./dataset/512_512_50.tns,./dataset/512_512_50.tns,1
512,512,0.5605220794677734,./dataset/512_512_50.tns,./dataset/512_512_50.tns,1
512,512,0.5478858947753906,./dataset/512_512_50.tns,./dataset/512_512_50.tns,1
512,512,0.5533695220947266,./dataset/512_512_50.tns,./dataset/512_512_50.tns,1
512,512,0.5328655242919922,./dataset/512_512_50.tns,./dataset/512_512_50.tns,1
512,512,0.5383491516113281,./dataset/512_512_50.tns,./dataset/512_512_50.tns,1
512,512,0.5910396575927734,./dataset/512_512_50.tns,./dataset/512_512_50.tns,1
1024,1024,1.7118453979492188,./dataset/1024_1024_10.tns,./dataset/1024_1024_10.tns,1
1024,1024,1.3926029205322266,./dataset/1024_1024_10.tns,./dataset/1024_1024_10.tns,1
1024,1024,1.3897418975830078,./dataset/1024_1024_10.tns,./dataset/1024_1024_10.tns,1
1024,1024,1.4061927795410156,./dataset/1024_1024_10.tns,./dataset/1024_1024_10.tns,1
1024,1024,1.6937255859375,./dataset/1024_1024_10.tns,./dataset/1024_1024_10.tns,1
1024,1024,1.4257431030273438,./dataset/1024_1024_10.tns,./dataset/1024_1024_10.tns,1
1024,1024,3.4012794494628906,./dataset/1024_1024_10.tns,./dataset/1024_1024_10.tns,1
1024,1024,1.7180442810058594,./dataset/1024_1024_10.tns,./dataset/1024_1024_10.tns,1
1024,1024,1.7266273498535156,./dataset/1024_1024_10.tns,./dataset/1024_1024_10.tns,1
1024,1024,1.3921260833740234,./dataset/1024_1024_10.tns,./dataset/1024_1024_10.tns,1
4096,4096,38.50150108337402,./dataset/4096_4096_70.tns,./dataset/4096_4096_70.tns,1
4096,4096,39.18099403381348,./dataset/4096_4096_70.tns,./dataset/4096_4096_70.tns,1
4096,4096,47.768592834472656,./dataset/4096_4096_70.tns,./dataset/4096_4096_70.tns,1
4096,4096,39.505720138549805,./dataset/4096_4096_70.tns,./dataset/4096_4096_70.tns,1
4096,4096,40.444374084472656,./dataset/4096_4096_70.tns,./dataset/4096_4096_70.tns,1
4096,4096,38.8491153717041,./dataset/4096_4096_70.tns,./dataset/4096_4096_70.tns,1
4096,4096,54.054975509643555,./dataset/4096_4096_70.tns,./dataset/4096_4096_70.tns,1
4096,4096,39.80064392089844,./dataset/4096_4096_70.tns,./dataset/4096_4096_70.tns,1
4096,4096,39.61062431335449,./dataset/4096_4096_70.tns,./dataset/4096_4096_70.tns,1
4096,4096,56.79130554199219,./dataset/4096_4096_70.tns,./dataset/4096_4096_70.tns,1
1024,1024,1.4028549194335938,./dataset/1024_1024_70.tns,./dataset/1024_1024_70.tns,1
1024,1024,1.6901493072509766,./dataset/1024_1024_70.tns,./dataset/1024_1024_70.tns,1
1024,1024,1.291036605834961,./dataset/1024_1024_70.tns,./dataset/1024_1024_70.tns,1
1024,1024,1.6634464263916016,./dataset/1024_1024_70.tns,./dataset/1024_1024_70.tns,1
1024,1024,1.5635490417480469,./dataset/1024_1024_70.tns,./dataset/1024_1024_70.tns,1
1024,1024,1.354217529296875,./dataset/1024_1024_70.tns,./dataset/1024_1024_70.tns,1
1024,1024,1.6942024230957031,./dataset/1024_1024_70.tns,./dataset/1024_1024_70.tns,1
1024,1024,1.3616085052490234,./dataset/1024_1024_70.tns,./dataset/1024_1024_70.tns,1
1024,1024,2.671957015991211,./dataset/1024_1024_70.tns,./dataset/1024_1024_70.tns,1
1024,1024,1.6222000122070312,./dataset/1024_1024_70.tns,./dataset/1024_1024_70.tns,1
1024,1024,1.5876293182373047,./dataset/1024_1024_40.tns,./dataset/1024_1024_40.tns,1
1024,1024,1.3477802276611328,./dataset/1024_1024_40.tns,./dataset/1024_1024_40.tns,1
1024,1024,1.3434886932373047,./dataset/1024_1024_40.tns,./dataset/1024_1024_40.tns,1
1024,1024,1.6334056854248047,./dataset/1024_1024_40.tns,./dataset/1024_1024_40.tns,1
1024,1024,1.5854835510253906,./dataset/1024_1024_40.tns,./dataset/1024_1024_40.tns,1
1024,1024,1.3515949249267578,./dataset/1024_1024_40.tns,./dataset/1024_1024_40.tns,1
1024,1024,1.7240047454833984,./dataset/1024_1024_40.tns,./dataset/1024_1024_40.tns,1
1024,1024,7.461786270141602,./dataset/1024_1024_40.tns,./dataset/1024_1024_40.tns,1
1024,1024,1.6477108001708984,./dataset/1024_1024_40.tns,./dataset/1024_1024_40.tns,1
1024,1024,4.496335983276367,./dataset/1024_1024_40.tns,./dataset/1024_1024_40.tns,1
512,512,5.317211151123047,./dataset/512_512_90.tns,./dataset/512_512_90.tns,1
512,512,0.6330013275146484,./dataset/512_512_90.tns,./dataset/512_512_90.tns,1
512,512,0.5950927734375,./dataset/512_512_90.tns,./dataset/512_512_90.tns,1
512,512,0.5867481231689453,./dataset/512_512_90.tns,./dataset/512_512_90.tns,1
512,512,0.5245208740234375,./dataset/512_512_90.tns,./dataset/512_512_90.tns,1
512,512,0.598907470703125,./dataset/512_512_90.tns,./dataset/512_512_90.tns,1
512,512,0.5826950073242188,./dataset/512_512_90.tns,./dataset/512_512_90.tns,1
512,512,4.355430603027344,./dataset/512_512_90.tns,./dataset/512_512_90.tns,1
512,512,0.5140304565429688,./dataset/512_512_90.tns,./dataset/512_512_90.tns,1
512,512,0.5972385406494141,./dataset/512_512_90.tns,./dataset/512_512_90.tns,1
2048,2048,6.126165390014648,./dataset/2048_2048_60.tns,./dataset/2048_2048_60.tns,1
2048,2048,6.173372268676758,./dataset/2048_2048_60.tns,./dataset/2048_2048_60.tns,1
2048,2048,9.087800979614258,./dataset/2048_2048_60.tns,./dataset/2048_2048_60.tns,1
2048,2048,9.221553802490234,./dataset/2048_2048_60.tns,./dataset/2048_2048_60.tns,1
2048,2048,9.275436401367188,./dataset/2048_2048_60.tns,./dataset/2048_2048_60.tns,1
2048,2048,6.119966506958008,./dataset/2048_2048_60.tns,./dataset/2048_2048_60.tns,1
2048,2048,6.468057632446289,./dataset/2048_2048_60.tns,./dataset/2048_2048_60.tns,1
2048,2048,9.010553359985352,./dataset/2048_2048_60.tns,./dataset/2048_2048_60.tns,1
2048,2048,8.948802947998047,./dataset/2048_2048_60.tns,./dataset/2048_2048_60.tns,1
2048,2048,5.841732025146484,./dataset/2048_2048_60.tns,./dataset/2048_2048_60.tns,1
2048,2048,5.956888198852539,./dataset/2048_2048_10.tns,./dataset/2048_2048_10.tns,1
2048,2048,5.91588020324707,./dataset/2048_2048_10.tns,./dataset/2048_2048_10.tns,1
2048,2048,9.459257125854492,./dataset/2048_2048_10.tns,./dataset/2048_2048_10.tns,1
2048,2048,6.197452545166016,./dataset/2048_2048_10.tns,./dataset/2048_2048_10.tns,1
2048,2048,5.865335464477539,./dataset/2048_2048_10.tns,./dataset/2048_2048_10.tns,1
2048,2048,5.867719650268555,./dataset/2048_2048_10.tns,./dataset/2048_2048_10.tns,1
2048,2048,8.805274963378906,./dataset/2048_2048_10.tns,./dataset/2048_2048_10.tns,1
2048,2048,10.275840759277344,./dataset/2048_2048_10.tns,./dataset/2048_2048_10.tns,1
2048,2048,5.9814453125,./dataset/2048_2048_10.tns,./dataset/2048_2048_10.tns,1
2048,2048,6.043434143066406,./dataset/2048_2048_10.tns,./dataset/2048_2048_10.tns,1
2048,2048,8.945941925048828,./dataset/2048_2048_20.tns,./dataset/2048_2048_20.tns,1
2048,2048,10.823726654052734,./dataset/2048_2048_20.tns,./dataset/2048_2048_20.tns,1
2048,2048,9.044885635375977,./dataset/2048_2048_20.tns,./dataset/2048_2048_20.tns,1
2048,2048,5.752086639404297,./dataset/2048_2048_20.tns,./dataset/2048_2048_20.tns,1
2048,2048,5.8383941650390625,./dataset/2048_2048_20.tns,./dataset/2048_2048_20.tns,1
2048,2048,5.80143928527832,./dataset/2048_2048_20.tns,./dataset/2048_2048_20.tns,1
2048,2048,9.170293807983398,./dataset/2048_2048_20.tns,./dataset/2048_2048_20.tns,1
2048,2048,8.673429489135742,./dataset/2048_2048_20.tns,./dataset/2048_2048_20.tns,1
2048,2048,9.701967239379883,./dataset/2048_2048_20.tns,./dataset/2048_2048_20.tns,1
2048,2048,8.812427520751953,./dataset/2048_2048_20.tns,./dataset/2048_2048_20.tns,1
2048,2048,9.838581085205078,./dataset/2048_2048_90.tns,./dataset/2048_2048_90.tns,1
2048,2048,6.01506233215332,./dataset/2048_2048_90.tns,./dataset/2048_2048_90.tns,1
2048,2048,6.227731704711914,./dataset/2048_2048_90.tns,./dataset/2048_2048_90.tns,1
2048,2048,6.289243698120117,./dataset/2048_2048_90.tns,./dataset/2048_2048_90.tns,1
2048,2048,6.005048751831055,./dataset/2048_2048_90.tns,./dataset/2048_2048_90.tns,1
2048,2048,9.126424789428711,./dataset/2048_2048_90.tns,./dataset/2048_2048_90.tns,1
2048,2048,8.715391159057617,./dataset/2048_2048_90.tns,./dataset/2048_2048_90.tns,1
2048,2048,8.839130401611328,./dataset/2048_2048_90.tns,./dataset/2048_2048_90.tns,1
2048,2048,9.130477905273438,./dataset/2048_2048_90.tns,./dataset/2048_2048_90.tns,1
2048,2048,6.233930587768555,./dataset/2048_2048_90.tns,./dataset/2048_2048_90.tns,1
2048,2048,6.629228591918945,./dataset/2048_2048_40.tns,./dataset/2048_2048_40.tns,1
2048,2048,8.942365646362305,./dataset/2048_2048_40.tns,./dataset/2048_2048_40.tns,1
2048,2048,9.51385498046875,./dataset/2048_2048_40.tns,./dataset/2048_2048_40.tns,1
2048,2048,6.519556045532227,./dataset/2048_2048_40.tns,./dataset/2048_2048_40.tns,1
2048,2048,9.275436401367188,./dataset/2048_2048_40.tns,./dataset/2048_2048_40.tns,1
2048,2048,9.134054183959961,./dataset/2048_2048_40.tns,./dataset/2048_2048_40.tns,1
2048,2048,8.880615234375,./dataset/2048_2048_40.tns,./dataset/2048_2048_40.tns,1
2048,2048,9.289026260375977,./dataset/2048_2048_40.tns,./dataset/2048_2048_40.tns,1
2048,2048,6.056070327758789,./dataset/2048_2048_40.tns,./dataset/2048_2048_40.tns,1
2048,2048,9.099245071411133,./dataset/2048_2048_40.tns,./dataset/2048_2048_40.tns,1
512,512,0.4916191101074219,./dataset/512_512_40.tns,./dataset/512_512_40.tns,1
512,512,0.49567222595214844,./dataset/512_512_40.tns,./dataset/512_512_40.tns,1
512,512,0.5397796630859375,./dataset/512_512_40.tns,./dataset/512_512_40.tns,1
512,512,0.5080699920654297,./dataset/512_512_40.tns,./dataset/512_512_40.tns,1
512,512,0.5269050598144531,./dataset/512_512_40.tns,./dataset/512_512_40.tns,1
512,512,0.5204677581787109,./dataset/512_512_40.tns,./dataset/512_512_40.tns,1
512,512,0.5095005035400391,./dataset/512_512_40.tns,./dataset/512_512_40.tns,1
512,512,0.6167888641357422,./dataset/512_512_40.tns,./dataset/512_512_40.tns,1
512,512,0.5707740783691406,./dataset/512_512_40.tns,./dataset/512_512_40.tns,1
512,512,0.5397796630859375,./dataset/512_512_40.tns,./dataset/512_512_40.tns,1
2048,2048,9.00578498840332,./dataset/2048_2048_30.tns,./dataset/2048_2048_30.tns,1
2048,2048,5.911350250244141,./dataset/2048_2048_30.tns,./dataset/2048_2048_30.tns,1
2048,2048,9.100675582885742,./dataset/2048_2048_30.tns,./dataset/2048_2048_30.tns,1
2048,2048,5.997896194458008,./dataset/2048_2048_30.tns,./dataset/2048_2048_30.tns,1
2048,2048,5.89752197265625,./dataset/2048_2048_30.tns,./dataset/2048_2048_30.tns,1
2048,2048,8.992195129394531,./dataset/2048_2048_30.tns,./dataset/2048_2048_30.tns,1
2048,2048,8.839130401611328,./dataset/2048_2048_30.tns,./dataset/2048_2048_30.tns,1
2048,2048,9.001970291137695,./dataset/2048_2048_30.tns,./dataset/2048_2048_30.tns,1
2048,2048,6.031513214111328,./dataset/2048_2048_30.tns,./dataset/2048_2048_30.tns,1
2048,2048,6.075620651245117,./dataset/2048_2048_30.tns,./dataset/2048_2048_30.tns,1
512,512,4.30750846862793,./dataset/512_512_30.tns,./dataset/512_512_30.tns,1
512,512,0.5433559417724609,./dataset/512_512_30.tns,./dataset/512_512_30.tns,1
512,512,0.5342960357666016,./dataset/512_512_30.tns,./dataset/512_512_30.tns,1
512,512,0.6144046783447266,./dataset/512_512_30.tns,./dataset/512_512_30.tns,1
512,512,0.5009174346923828,./dataset/512_512_30.tns,./dataset/512_512_30.tns,1
512,512,0.5905628204345703,./dataset/512_512_30.tns,./dataset/512_512_30.tns,1
512,512,0.6110668182373047,./dataset/512_512_30.tns,./dataset/512_512_30.tns,1
512,512,0.514984130859375,./dataset/512_512_30.tns,./dataset/512_512_30.tns,1
512,512,0.5388259887695312,./dataset/512_512_30.tns,./dataset/512_512_30.tns,1
512,512,0.6299018859863281,./dataset/512_512_30.tns,./dataset/512_512_30.tns,1
